c035,c40c,4901,af1c,4061,35cc,b78c,457c,bd51,c434,34bb,adb4,3931,c8fe,c4b6,af86,af9d,bd26,c2d6,3430,4446,404d,37f8,bc32,37f2,ae2e,40d9,c066,2d51,b028,b74c,c61f,407e,4080,2
Exponent - Got: 81, Expected: 80
331a,b66e,47b7,3dc2,3e08,b28d,43e5,31de,c12c,3d75,c889,413c,bd74,b2a4,b9b1,b357,3e4a,2f02,3c00,339a,c255,3ffd,3b7e,4041,b2e6,b856,c456,c286,b3d0,c630,4842,36bd,3e37,3e30,7
Exponent - Got: 7c, Expected: 7c
c072,b32a,c3ab,2db0,30c7,2f4a,c218,47cf,4583,c1d8,3a09,b9de,b9b9,b2dc,b3f8,3f8e,bf33,4022,bc70,c0a5,4087,b57e,c7d7,4357,bd2d,3086,42bf,31c9,bbfe,3bb8,b0de,400b,be29,be24,5
Exponent - Got: 7c, Expected: 7c
baf0,beff,c10b,3c52,afe4,3f70,c688,3ad7,4584,bd77,2f17,391b,3332,3011,3f03,30e7,2da5,3a4b,458a,bc80,b111,b3cd,2f23,be64,3564,adf1,43a4,4790,addd,c77f,bdf3,b62c,be0f,be0c,3
Exponent - Got: 7c, Expected: 7c
3d10,3c81,497c,c18f,3cdf,3702,41cf,3102,3e25,3bfd,b0a7,bb21,c92c,3b54,b469,330b,3207,4910,c080,3aba,aed3,410a,ad8e,2e81,bace,b996,c960,bfaa,c0b0,30a4,3d37,b15e,40c3,40c1,2
Exponent - Got: 81, Expected: 81
4581,b4c1,4884,c830,2f2d,bdbc,3b54,ad11,40b1,3ba4,2f53,4481,43f9,c87c,b14e,3e89,b415,b513,b31b,35dd,bc72,481a,32f8,b61b,3cc1,3107,bfa0,459d,353b,c3df,bd9f,3cac,3ed6,3ed8,2
Exponent - Got: 7d, Expected: 7d
adf6,b25c,3b5d,3e5b,bcf4,331a,b490,3b52,bd27,c511,4762,b382,b374,3b40,3593,332a,b10d,3d9f,2d66,44a2,4817,4560,34b6,3375,c852,37b1,31ec,3109,b087,bd2c,adb2,3dc5,3e92,3e8c,6
Exponent - Got: 7d, Expected: 7d
35d3,488e,38ce,3948,2e7f,37fa,b68f,bd47,aecf,bd06,af23,bf7a,2dca,31d9,aed4,b8e9,ba58,c88e,b372,b0af,3c48,372f,393d,b6d4,3fdc,adbe,3485,b843,b447,bf07,3de4,3312,3e83,3e80,3
Exponent - Got: 7d, Expected: 7d
b337,3105,311f,4504,c947,2ff4,b1e5,b3b8,af54,b56b,436e,346b,4689,b30b,4255,2d2b,b133,c2b9,41aa,b518,c206,42ac,c165,458c,b9d2,3fd7,4130,4941,301f,420a,430f,b0b7,3ebc,3eb0,12
Exponent - Got: 7d, Expected: 7d
af78,390a,c296,ad3f,3728,b792,426f,326d,b411,3a93,b5ce,2e45,3e3e,c012,3fc5,494a,33e7,c635,bf65,c933,3966,c858,c42e,ae63,47ee,4688,40d0,b303,3e7b,2d1e,3f2d,3fd2,3eb9,3ea0,25
Exponent - Got: 7d, Expected: 7d
348b,42f5,b319,c709,44b9,3a79,3cf5,b6e9,c3d6,af4c,3af5,c18a,ad21,4704,c714,b3f1,adf1,c22d,c23c,371c,46c7,b02e,463c,3d63,bd28,bb1d,2d23,c174,b6bb,ae62,4419,b8b2,be52,be54,2
Exponent - Got: 7c, Expected: 7c
3b3d,c4eb,3878,c47b,3f57,b33b,3920,b1d1,3d42,c856,3923,bf76,aed3,4655,b66c,bcc8,b4c1,37e0,44de,39d9,48a3,aecb,413d,c8e6,4348,c657,3815,bd54,af97,c7ee,b83c,48ea,beab,bea8,3
Exponent - Got: 7d, Expected: 7d
