bcb0,bb6b,b0d0,c937,c3ef,b975,48c0,32bc,c41c,c6c9,3a5f,37b2,afd3,3760,af57,3f8e,bce5,c536,3d8d,2d51,af1d,bca1,c483,32ce,37f4,39d0,c182,2fde,bd50,48bd,42d9,c1c2,bf72,bf74,2
Exponent - Got: 7e, Expected: 7e
b54d,ba20,ba3b,4941,3fbf,c3fc,ba8b,b028,adb9,311b,2fa8,c1ff,af1f,3f0d,ba6f,c684,2d94,aeda,400f,c6c6,45cd,36df,343f,b5da,c938,bfe9,be9a,c043,3791,bd7c,c421,b888,404b,4049,2
Exponent - Got: 80, Expected: 80
36d1,4892,2f59,2e21,b42a,c023,38f5,2f74,c264,c3ab,c4d0,b650,bc9f,c728,4775,c623,b5cd,b842,37b4,4900,b2d3,3ba1,c847,3818,c919,37ff,341d,30e8,c234,37c1,340c,adc3,3fb8,3fba,2
Exponent - Got: 7f, Expected: 7f
426a,2fc0,4585,3e01,3774,c70c,2f49,c297,2edc,c4e2,bc17,316a,46bd,2dff,3cd1,42c2,361a,b90f,3610,2de2,bca4,344d,326a,bdc2,457e,b5be,b2c2,3370,3083,2dcd,459e,bb42,3cc8,3cc6,2
Exponent - Got: 79, Expected: 79
b97b,2e6e,4900,b327,b42e,aeab,c8cf,afc5,42fc,b0f3,c6e9,2e76,368a,3ca1,bd26,3d38,bf75,b4f2,bde1,3bc1,b7f5,3c08,3783,b319,c78a,30bc,b2f7,bef5,34ff,4064,b43b,3196,3d62,3d60,2
Exponent - Got: 7a, Expected: 7a
