bf42,06bc,bdb1,b48a,af63,b8fd,aacc,a699,1d94,b2af,0e0a,d696,8cbb,7b62,2114,a656,a29a,995f,3dad,4296,1d93,0568,fb62,3614,0978,2f6a,e9b4,9167,3185,02a6,ef23,983d,ef23,ef20,3
Exponent - Got: de, Expected: de
cfb4,db2b,125d,b139,0a1b,b4cf,d666,ac4a,0392,d715,f7fb,14d4,1bfd,908a,ad2b,02b1,e2f4,2431,c239,0bfd,58aa,249b,9e12,13ae,4e09,0ed5,3b88,c3ff,21b8,77fb,abd4,b983,e2f4,0000,25333
Exponent - Got: 00, Expected: c5
4386,2a81,6494,d55d,51b7,56d4,fd79,24c3,644a,1202,a8a6,1677,ab9b,ec0c,a0d4,1895,d9e4,b557,b7fd,15d2,ab79,1a6f,639b,bd9c,ade7,7d7c,a886,5257,b133,4a91,8244,fa40,ec0c,0000,27661
Exponent - Got: 00, Expected: d8
90c4,20e5,33e4,2083,c602,890e,799c,4a6f,6d3b,b521,a80b,bd9b,de20,f99c,416f,a42d,1825,0755,4e1b,9c47,cebf,bce2,0f1b,55c5,c42e,e426,646e,5726,e008,bbc8,d2bf,aeda,6d3b,6d38,3
Exponent - Got: da, Expected: da
3843,6af3,dce6,b0df,3a7e,bf8a,c275,92b1,93d4,d9f3,7280,6665,43e9,ff2e,d550,84fa,1d73,ed89,2e12,4ece,2bd3,b544,7f2e,e450,4b98,610f,720d,1fa9,39d6,e225,64a1,6828,72c6,72c0,6
Exponent - Got: e5, Expected: e5
fc9c,7065,c7c5,490a,e918,d0ca,d1eb,de88,8735,b57b,0cd1,c288,d10d,59ef,7c9c,3965,a857,c8c7,c696,869b,ad56,858c,9187,e164,49a6,44b5,b97c,6d0e,e654,c698,cf15,23cb,7067,7060,7
Exponent - Got: e0, Expected: e0
1b61,4d17,b64d,9661,5f0d,5ef3,b88e,8a7f,38ab,be1a,71e6,5a85,9770,265e,2592,dd59,60a3,98a2,6513,bf19,4027,ff67,3f59,7f67,8c59,cf01,00df,911e,47bc,0033,30f3,0052,71e6,71e0,6
Exponent - Got: e3, Expected: e3
922d,ba49,ab7d,976b,4c85,3b5c,0e2a,feb6,5ecb,7eb6,edcb,3ad0,8aa5,9ef0,55cd,6c26,457e,3074,a114,6356,0610,1a1c,0328,a52e,27e4,3aab,9a1e,84aa,5d23,cf59,e487,128e,edb6,0000,28087
Exponent - Got: 00, Expected: db
3daa,4551,f99b,2ca8,ccf1,6928,9ffa,d245,4ea1,4c7c,bfe4,799b,13a8,e98f,9b9c,13ab,0d4c,da56,3862,2092,e253,c957,9505,b56f,b3c5,5fe2,b9dd,bdee,9515,037f,00b9,e2f8,e8ec,0000,26861
Exponent - Got: 00, Expected: d1
55da,81f1,aab2,7d67,565d,edb1,802a,9daa,1611,227d,d179,de9b,67e6,cca9,f170,ce92,9d8f,4d74,30ee,150f,40e5,8b24,b932,92c0,5fe5,d81a,8b2a,c8bc,7e2d,9591,7cfa,fe83,f171,f160,17
Exponent - Got: e2, Expected: e2
4a67,8733,14fd,1394,9cb3,d74a,e064,76a4,8549,ac03,5b9b,85ec,5be7,7490,3279,625d,a7d9,bcd6,dc2f,5c57,212f,f6ad,d600,d1ac,990f,87fd,4db2,93a9,cace,a4db,0d52,e3c8,e3ae,0000,25519
Exponent - Got: 00, Expected: c7
6102,5b40,7bf6,2681,a28c,eac9,cf5c,39c2,1731,df5f,4d21,45fb,e9b0,dc63,ef1b,9605,2a69,1e7d,9d01,067b,5cb7,01ce,804d,680d,959d,fbf6,c381,6846,d116,0d34,ce2e,3432,ef1b,ef18,3
Exponent - Got: de, Expected: de
0738,6f36,c268,93ec,0fcb,0714,fe1a,2966,d2b4,1a11,2a65,a371,0e77,87ab,2c64,373c,6452,7e1a,4e66,857a,8ef0,29ed,88fe,e46f,2a67,ebf3,2ae4,87b1,9efe,1a43,24b7,3b3e,6f34,6f00,52
Exponent - Got: de, Expected: de
cbd5,bf02,4cfc,b565,3f4f,82f1,55b4,e21f,661b,2217,b793,a43c,ae74,ba28,055c,2a56,f782,1ced,4994,ca07,b653,3dff,2244,4100,7782,21ed,a6ee,b823,6593,1f98,35a7,e00c,6664,0000,26212
Exponent - Got: 00, Expected: cc
6d18,67c2,038d,08ca,505b,c23b,337f,2cd9,42c0,b845,2c75,e96d,c9ff,c7ac,e523,6829,0eb9,fce4,e41d,ae95,0888,1e99,7ce4,211d,841f,9cd7,2a2e,29fa,af29,5a37,9543,34a9,6d17,0000,27927
Exponent - Got: 00, Expected: da
3c49,7e71,20cd,dfcc,9f73,128d,13e8,6dcf,b8d4,4ca5,317c,261e,c3d2,c0d5,c014,ee94,3c49,fe71,0fcd,3292,6e77,d36b,e00d,c48d,9e44,ea78,87ac,43a3,27e4,d6ab,d1c6,6be5,6d73,0000,28019
Exponent - Got: 00, Expected: da
aef3,096e,fcfc,e205,1e81,7cfc,c705,a3cb,e24c,5a88,443d,b1f5,51d6,18f5,d184,6d27,883d,9e6d,4a11,92c5,26a0,e8ed,127c,e558,6892,86c3,cb0e,6718,6bd6,1081,a8e0,61b1,6d42,0000,27970
Exponent - Got: 00, Expected: da
636e,1e28,6814,edc4,7f1f,1e21,145d,cf35,31eb,2148,bf0a,82f4,44f1,d438,8f90,ea8f,f29a,71ff,c6dc,4851,a681,c98c,ff1f,2321,5b27,4251,b495,22bc,d1f9,d41a,5d32,8508,f235,f230,5
Exponent - Got: e4, Expected: e4
209f,fb1e,1b68,655e,8614,9418,2930,8f62,cafc,4c69,d4b1,4958,31ca,4529,7be3,2fd4,e48b,9982,d231,07d5,ea9a,49cf,be9c,4ee1,6a3c,2fe8,3db7,320c,9d68,de52,bd6e,fb94,e9f0,0000,27121
Exponent - Got: 00, Expected: d3
5778,83d6,cb51,3287,fd22,ce58,27c4,b48b,7d22,2158,451a,5d10,55aa,c981,c452,e55a,3610,ea7c,18a8,4699,c654,30d8,ceb9,cd64,9ffe,e341,98c7,1a36,9f82,643d,99b5,d1c6,ea7c,0000,27261
Exponent - Got: 00, Expected: d4
1926,dc94,a82d,083d,356d,8847,a697,9e1a,f3a6,13c1,73a6,9ac1,ddb4,450f,b445,c26d,00a9,5ce8,8e51,250d,5607,256b,cfe1,b23e,16da,9677,869b,6156,d614,16b8,bc95,1aac,6155,0000,24917
Exponent - Got: 00, Expected: c2
dc79,7b81,5d36,0a0c,5d18,c1a2,96a1,adcc,1b97,be60,271c,0c52,62ca,de8f,90f2,3953,0fe1,01be,bc3d,6205,fb81,6c36,496e,607c,91bc,539f,3ef8,4885,5f54,48ea,90fb,e71a,6c36,0000,27702
Exponent - Got: 00, Expected: d8
ebb0,0a67,9bb3,8444,ba4c,b238,535c,4afa,e6ef,4ae2,28f7,4966,6a74,31a0,d9c3,14b0,c499,ef50,7e8e,3df3,ab48,881e,fe8e,40f3,1cb2,2c0b,6893,2082,a243,5fc7,b6b8,c7d5,ef51,0000,28498
Exponent - Got: 00, Expected: de
5d83,61f8,8d3b,bae1,9bd4,63e3,6fe4,fe3b,8107,4fc5,901a,ddba,2881,0090,9891,ede0,7e3b,1e07,19fb,d308,9aae,1a1b,20ef,b16e,338c,0aeb,303e,85de,5755,dcbb,13c2,d365,6fd6,6f80,86
Exponent - Got: df, Expected: df
fe44,84b8,91b1,b4d2,4f3b,0165,2627,95ab,3440,2e28,2074,cf34,87aa,8425,026d,8b29,147f,5797,baf8,078d,d0c2,e5e3,70e8,b809,db39,36cf,d362,7e44,afb8,72e7,2fc2,d51d,72f6,72f4,2
Exponent - Got: e5, Expected: e5
477e,e070,a1b0,ecf3,2fea,0335,8c73,2bab,eb3c,f9ea,0899,1ac8,5cfd,6704,84ca,8543,2889,bc98,39e1,f9d2,2ea1,dcbc,d405,46ed,bf20,c05e,7a5e,5f2a,bf14,5d6a,6550,259a,ed05,ed00,5
Exponent - Got: da, Expected: da
00f6,db77,d101,4ae3,fab6,eac3,69d6,6485,870c,e502,e248,e38c,b74b,88e5,86b4,32b9,2a9c,9fc9,7ab6,d3c3,9ca4,229d,0198,0f9b,3144,be26,08da,8e4b,b197,3734,2c5a,8282,ea8e,0000,27279
Exponent - Got: 00, Expected: d5
1b3d,3a4b,8eff,3822,30d2,5c33,224b,9ecf,6832,2462,eeaa,41f7,fab4,4a41,3095,f9b4,4d47,de1d,7ae1,bc54,5c2c,4194,e217,9e13,1bef,6818,1ac8,8cfd,86a4,98a9,47d8,3f57,eeaa,eea8,2
Exponent - Got: dd, Expected: dd
1807,d1f7,2394,80d3,c112,1c10,3228,424c,b5c8,eca3,39ba,5749,2da7,0e3c,6b20,aff6,1129,cf4b,3c15,172d,4643,120f,31eb,a948,c81a,cb0a,fe1c,bce0,4f99,6d46,7e1c,4de0,6cfd,0000,27901
Exponent - Got: 00, Expected: d9
15b5,8ede,e043,2543,b9c9,8efa,7d67,aa5d,1449,9a21,b355,0b73,a3a5,cfa2,b2bd,4898,b609,3b25,5013,6a73,3267,2fc3,0f5c,b442,6faa,2bf5,82e2,fd67,4d5d,ae87,e41a,b352,6faa,6fa0,10
Exponent - Got: df, Expected: df
d5e0,4a4b,621f,7f1b,6525,b8af,9e1e,9ca2,ff1b,be25,3c19,be21,2d1d,ea07,5813,8863,efb3,baac,70d9,0878,5268,18cc,3dfd,26c6,f10b,7029,a089,0388,0b8f,a458,6510,0fda,ef2a,0000,28459
Exponent - Got: 00, Expected: de
5400,92a8,b38d,15aa,8d01,4c5b,4403,884b,5b9b,11ec,b8cf,2a7e,b9aa,a059,b559,c673,5b3f,1c49,9c31,8149,d60b,1d67,889d,c0cc,924d,3429,f601,21ad,38ae,4f5f,7601,4ead,5b9b,0000,23451
Exponent - Got: 00, Expected: b7
e82e,667e,d132,5e10,48ac,7f3d,ca83,b5d6,ff3d,b383,9224,0600,ac0c,3a54,0720,cd2e,9b34,5102,4520,c5aa,2ea1,20bc,e3fd,d37a,605c,939c,cbbb,68ec,ab3d,672b,5325,aac3,68b2,0000,26802
Exponent - Got: 00, Expected: d1
2368,d92e,131c,1c3a,e082,13c3,5324,fc82,2ffb,2164,9226,7c82,02fb,a23e,32fa,201f,379f,4230,1cb4,c98d,335e,e6b8,af75,536b,2f0d,5c13,a06b,d5eb,b480,6fe9,ef76,1328,6f5c,6f60,4
Exponent - Got: de, Expected: de
a7a9,50a6,b787,e928,60fa,44bb,c6f2,65ff,8ef4,9ae9,719c,b27f,96db,6336,8070,dd70,feca,5bb7,04c0,aec9,85d4,0bdf,8008,2b08,eb5e,6908,71da,99b9,7eca,10b7,4b56,d040,723b,7238,3
Exponent - Got: e4, Expected: e4
b836,1ec6,a37b,50fd,f71c,63f2,cfb5,d16a,2c48,4a10,8884,a495,369c,c7f1,0a3e,abaa,247d,e175,95f7,771c,06f2,4e7f,b723,448d,1544,d26e,2e4a,6496,5ddf,18a4,e195,e916,e916,e900,22
Exponent - Got: d2, Expected: d2
559b,13f0,07d7,9218,6d3c,86e6,326b,eccf,5ed6,e3eb,d8ec,cc5d,5085,4364,08e2,b473,efdb,60c4,6305,7e83,eabe,22eb,566e,b142,b2a0,51c5,3c26,93de,dd79,fe83,d7be,9b91,efd9,ef80,89
Exponent - Got: df, Expected: df
22d0,1e95,1fe8,cbd7,d180,0a23,d0f7,1496,9f3f,1fc1,b3be,7b59,53ef,1a88,cebd,1860,ae50,610c,7ace,b5bb,d810,fba0,8657,0c9b,0242,1cc6,3b7f,14c9,6aa0,4a75,63a1,a726,6aa0,0000,27296
Exponent - Got: 00, Expected: d5
397d,a64f,90c3,2b22,a5f4,e7bf,15b0,cb9b,1acc,85f9,d6b2,ad9f,b304,3f62,299c,4acf,019a,3519,9333,04d5,d19c,253f,eeb5,8428,5320,7b86,36f1,7adc,3d29,3713,fbbd,890a,eeb5,eeb0,5
Exponent - Got: dd, Expected: dd
d885,3e74,8308,7a0e,af7a,68a4,5b75,5083,2ae2,a237,56b3,34de,0137,2af5,e3e0,d227,be43,13ff,c018,3398,3fff,cc40,49d8,034b,618d,fa0e,367a,2096,0557,dc9d,e664,a6a8,689d,0000,26781
Exponent - Got: 00, Expected: d1
4395,be52,4fae,3ab1,1684,a5a9,42a2,fea7,a09a,455b,8b11,d847,ce37,866b,bda7,011c,cc1e,9806,04b6,5b3f,6c49,f0d1,0970,2d62,8fb8,7ea7,2d9a,ab41,4857,4907,f055,0cf5,f11e,f100,30
Exponent - Got: e2, Expected: e2
65ab,5ba0,c517,ff5d,6be3,d1f4,cd57,910d,b96f,71dd,347e,a596,7f5d,1ae3,0a16,6d82,55d9,2b32,a3e4,19a3,8d50,b64a,d9a6,6395,c812,3902,97f0,d6df,bcb2,a74b,c6c5,e408,71de,71c0,30
Exponent - Got: e3, Expected: e3
e4fd,a874,9e24,e218,65dc,b017,18b7,3f46,1eb8,5885,af74,5b2a,dd1c,45a6,b0ad,9a8c,b6b9,6d94,7e4f,9373,8a95,e6c0,890d,eb5f,0949,551b,d171,fe93,7dae,d4d5,1a3c,b508,6d8d,0000,28045
Exponent - Got: 00, Expected: db
178a,6125,60a7,cba6,13b1,b1d6,1135,4c57,c70f,4b41,6f97,5c88,b231,5f15,c4eb,8ba2,2035,1735,1c5b,0ea3,507e,015e,d0dc,067d,0b31,ff67,3f59,7f67,2659,6455,97dd,9fb2,6f97,0000,28567
Exponent - Got: 00, Expected: df
79b5,b406,2eee,bb33,d285,6a60,94b4,aa9d,a688,83c5,5d82,8db9,bce2,bf1b,a4a5,0cac,2fb5,92aa,eb0f,b919,822b,dfef,b990,3ae3,1e56,1bea,c35d,599b,67e8,a927,f9b5,3f06,eaaa,eb00,86
Exponent - Got: d6, Expected: d5
42e0,2a65,a171,5673,8a1f,6ecb,e0d6,8897,3e46,5fba,3f85,60ba,48fb,86aa,5927,b455,7e7d,c1c1,a402,9bca,fe7d,4ec1,6a1c,91c8,a0eb,c76a,8264,dc60,efd8,5c07,ed7f,5165,efad,ef80,45
Exponent - Got: df, Expected: df
3e27,359b,8b30,b426,62ce,678b,2384,3cc3,8a7a,99ee,d35d,57bb,d1d4,d577,251d,1c17,5bef,4298,be1d,d021,c5c1,d00a,7f2a,9354,4972,2560,ff2a,4654,99d8,ceeb,a1b6,3975,678b,0000,26507
Exponent - Got: 00, Expected: cf
1a07,01f3,8f30,0c2e,89b6,ed25,c7bf,0ff0,89ef,a13c,577e,4850,12c0,8ee5,18b8,1e89,68f4,1525,324f,29eb,a178,7e3a,7e46,bd3a,fec0,b53d,a517,399d,5aae,0f9b,2544,a40e,ed25,0000,27942
Exponent - Got: 00, Expected: da
54ac,4b05,32d3,6876,6d26,227c,e138,d2fa,23df,d058,71f8,291b,4389,294e,e09c,6e5d,cbc1,6216,d152,a470,ff38,3ac6,4d33,7369,03cf,0c08,9410,7f38,5fc6,6ef9,8064,dc64,7384,7382,2
Exponent - Got: e7, Expected: e7
bde7,df5c,2be2,d735,a5db,8e50,7b4c,28ba,146b,1a83,0a76,13e2,e945,2dd7,ea4c,da98,972d,4543,0109,d54b,1c21,e459,91d1,eab2,5de7,889c,468d,8140,2042,c282,8587,fb4c,eb18,0000,27417
Exponent - Got: 00, Expected: d6
31cf,566c,abc0,3497,9f3e,bb80,08f7,8b26,69b0,ff63,5e5d,b3a1,c086,d487,94ee,7247,7f63,db5d,83ab,146c,8344,2742,6d8c,a257,2ad3,0846,5fd6,96e9,a984,d9d7,efa4,a77b,7242,7240,2
Exponent - Got: e4, Expected: e4
2937,12a5,e1c0,d803,8973,fca1,4518,d992,7ca1,d818,0da8,d5b3,90d8,21f9,cdfa,98e1,2790,2bdf,4e48,ecd4,a00d,520d,39e9,dbda,c0ed,a22c,8868,2b78,ad2e,01f4,0af7,8522,ecd4,0000,27861
Exponent - Got: 00, Expected: d9
7c06,1b7e,28c8,d499,3170,0d12,4f88,c117,ad55,914f,d1ad,8f4e,6bd0,cb07,e751,2cdf,3546,1cac,e995,6f06,4458,ded0,656d,90e7,fc06,5c7e,9d46,03fc,9efb,2b06,54d0,1e79,6f08,6f00,8
Exponent - Got: de, Expected: de
acdc,2885,e994,2b47,84d1,4f98,3307,02a1,d8e4,fe55,50e9,aa08,b75c,0b32,35a4,6acf,c7da,a2d5,42d0,7e55,17e9,a986,6b55,dac3,1fb6,bc09,bb31,6007,d707,0169,372b,2385,6b95,0000,27541
Exponent - Got: 00, Expected: d7
fe59,abe5,95f2,7e59,f0e5,b644,2a28,f07c,ea9c,1a49,1e3d,e341,b6c7,8a6a,6ffe,4ca1,2278,263c,3570,b11a,2cf8,eca1,6538,bff2,120d,c169,d6ab,71c6,80a5,04e4,0bed,0eba,717a,7170,10
Exponent - Got: e2, Expected: e2
5fd5,602a,6c6a,d832,cf02,9a1c,fa28,9ddc,07e7,7a28,02dc,9dd9,baa2,0b57,9e81,91fc,b7df,0370,5776,6e58,1a84,d9b1,9442,85ea,d861,4591,4b5a,414c,3cce,e737,a339,543f,6e67,6e64,3
Exponent - Got: dc, Expected: dc
5841,68b1,5e20,b09c,22fd,19f8,01cb,5708,63a6,1ce1,b498,e1f1,d672,b95e,a1ac,9fef,db10,aea6,167b,f697,8eba,1327,b0c1,bbe0,7697,43ba,09bd,e0ee,44af,dbe6,b9d1,34e2,68b1,6880,49
Exponent - Got: d1, Expected: d1
3735,001b,10db,b83a,33ca,532d,20cb,fe4a,e736,9978,7e4a,5836,2106,70c4,4725,8ceb,dd32,4008,c888,b119,223b,b6bf,6212,1e56,67ea,71a5,8e06,4c9a,ba83,e536,4b7c,a6ea,71d6,71d0,6
Exponent - Got: e3, Expected: e3
56e7,e98a,8ed9,1b84,9cb3,894a,90d8,93f9,0e9e,bb03,fcb5,cc0c,1094,1db5,c8ce,32df,e77a,c634,56b8,2015,a115,bf17,ada9,14b2,c81b,9f4b,7cb5,eb0c,53da,e9fd,b16e,238c,eb3e,0000,27455
Exponent - Got: 00, Expected: d6
fea8,e955,d7c7,27a8,23e7,f060,9f80,5ebf,9fc2,e47d,42f5,d530,d29a,e7bf,e5b0,967b,2f97,1608,e024,e6e4,ba29,991d,e56f,0165,1e27,59db,39a8,9fdb,c624,7ea8,3e55,a369,f060,f000,96
Exponent - Got: e0, Expected: e0
41c7,cc84,d61d,ecf1,b368,c80e,601e,a95e,cb8c,511b,bf79,1447,f9af,c39c,491b,c949,589b,d0ea,8bcb,b01c,607c,b3bc,6bdb,3dcc,20b7,7936,4c44,bddc,a7a7,7928,c3da,5add,ecba,ecc0,6
Exponent - Got: d9, Expected: d9
4a6d,f9b9,0e0a,9096,2c37,59af,22dc,4599,9152,a8f0,85a1,baea,511f,007d,b93d,bb0f,79b9,e70a,b844,8434,083c,872c,8f22,52bc,cd19,0ac3,8016,2a96,8f43,3a9d,d7a8,e407,e70c,0000,26381
Exponent - Got: 00, Expected: ce
182d,0f5d,aa03,3f97,4828,b6b8,17d5,ccba,ada3,8c38,cf20,10be,db1f,4d69,07b3,ad7c,9b26,8190,5e93,0aee,fd7b,3241,9265,8c01,3159,7d7b,ed41,3cdb,5c62,6a5a,320e,e7ea,ed3e,0000,27967
Exponent - Got: 00, Expected: da
b8f6,5807,7d77,204d,1b4d,383b,3c8b,b432,8bda,9c4d,9a35,1a41,2c35,8d2d,fd77,6d4d,6cd7,29ce,2e1d,6101,8d83,3658,ba34,ee40,b19c,15ff,4014,d594,153f,d2d5,5830,3e80,ede4,ee00,28
Exponent - Got: dc, Expected: db
cba6,95b1,d2da,afff,2d60,b93a,d4c8,fb61,36d7,137a,bfdc,9fa3,185c,276c,bc22,1fda,9d65,c51f,9155,b537,499d,604e,a10e,63cc,0a0b,d2df,a8ba,d96b,1a19,266d,7b61,e9d7,e9d7,0000,27096
Exponent - Got: 00, Expected: d3
3767,42c9,7e0c,11f0,8fd3,fe0c,5ef0,4e4d,e991,1802,82b2,b937,1585,e6ee,88a3,5972,d940,48f2,d0e3,a982,c451,8f99,42c6,bbc3,e274,80b0,a7b1,88be,922f,9acb,233e,18f8,e995,0000,27030
Exponent - Got: 00, Expected: d3
d3c5,ef22,de7c,c0c0,6d41,7bdb,51ec,2a4f,fbdb,b0ec,2c8d,2794,b6db,db76,1340,2566,ccac,0635,ad79,9c63,d99b,5ae8,ae5d,9841,6f31,05af,b264,0a00,3a14,2160,3522,bdc8,6dd8,6dc0,24
Exponent - Got: db, Expected: db
4116,0214,6310,ddd6,dfed,c712,221c,db58,50ee,e5cf,49c4,9e57,08ab,ac7a,a1a2,fc61,67d9,ad56,338c,2eeb,3e76,958a,0021,7c61,52d9,3c3c,8344,df42,2e7c,bd20,c85a,8b4a,67cc,0000,26572
Exponent - Got: 00, Expected: cf
7c9c,b765,b94b,48f9,ae28,9374,6752,571c,e6b2,5fff,0480,9289,e5ec,c327,b361,5647,fd2b,2411,9a19,856d,2327,c0a1,2b60,b736,b9d8,68ab,7cba,92c3,3f26,dad8,296d,247f,68b6,0000,26806
Exponent - Got: 00, Expected: d1
1e8b,c076,5276,3152,9fb0,5c8f,d9f6,33c5,00e2,9c63,e19b,3a98,2aed,07f8,81f7,2334,5672,665e,a712,f6dc,8431,0179,473b,2975,d867,1817,8de7,0d3c,5426,290e,76dc,2131,665e,0000,26206
Exponent - Got: 00, Expected: cc
dfed,e712,b85c,242c,bb64,3712,d7fc,f553,6679,acf5,96ec,20c1,0ac0,50d5,5534,509e,03bf,a878,9928,261a,8ad6,1643,a2af,f62a,4d46,885c,764c,43a0,e727,cf29,d0f7,7496,e77b,e780,5
Exponent - Got: cf, Expected: ce
c49d,1854,bd64,d71e,1330,5916,a424,c86c,6cfc,e925,e3b7,afb0,b8ef,b85e,7cae,05d7,821c,bc18,8b60,d076,e656,1a1a,fcae,3ad7,3762,038c,dc8b,ddf2,a6c9,a9c4,9797,ef78,ef70,ef60,16
Exponent - Got: de, Expected: de
b00b,c7ab,c2e4,d261,b385,25a2,1569,8303,60c5,2d44,c21e,7c1a,6462,ec2a,6b72,1f24,fc1a,e562,1228,0c0c,0114,b816,84e6,9c6f,c497,e8de,348f,3f26,d8d8,9b69,001f,5ddf,ebde,0000,27615
Exponent - Got: 00, Expected: d7
b05f,c2ff,beba,1747,7ea9,cc14,928c,fea9,bb14,cf62,567c,dbd0,ec67,d07f,201f,d59f,59f4,ce47,521b,c27f,9c3b,83c3,3c04,e17c,3bbe,8e49,a315,5d13,c969,ecbb,d3a2,aa85,ed17,0000,27928
Exponent - Got: 00, Expected: da
9371,f817,6227,0f23,5bfd,160a,98a6,7817,bd27,d39d,657a,af30,9c6e,bed6,602b,1e2b,44d7,439e,8a99,c1cc,b54f,57e5,9c0a,d9b2,5c81,3878,1c08,1430,1418,ce30,2fac,6af3,6af3,6ae0,19
Exponent - Got: d5, Expected: d5
ccb5,166c,d340,d6e6,dacb,69be,50ed,630c,82ca,ed4f,bd55,d76f,1d01,097b,01a9,69ea,b7b9,5696,3dbb,c700,b88e,1c7f,6b87,3890,d2e1,fd04,41fe,5cfd,7d04,cafe,88eb,bf3a,ed3b,0000,27964
Exponent - Got: 00, Expected: da
345a,bab2,af47,65d9,ad52,0e88,d695,6878,88a8,c1b9,6e7a,9226,2682,be4f,4af3,c6a6,08ab,b07a,c99a,ca89,ff5c,91a2,4a01,b0d5,28f4,c7a5,256a,0fa0,91bf,7f5c,3ca2,ac5b,6e7a,0000,28282
Exponent - Got: 00, Expected: dc
2055,8555,b71f,71b1,dd12,5228,ec8c,c855,5a85,6d70,27aa,ff65,d3db,dabc,b009,ab29,de3f,ba43,d1f7,6d94,1e4f,93b3,7054,9bb4,c583,0ec8,acd5,40cc,0b4d,d61b,e977,7f65,71cc,71c0,12
Exponent - Got: e3, Expected: e3
88dd,8c8c,0e95,69c8,a31b,909d,c0fc,207d,7f7d,bac3,b376,a990,eec3,bbde,2129,e52b,1221,3c45,ff7d,91c3,0820,5230,6e94,5349,09af,b07c,be1c,2060,ee20,95fc,29d7,4e44,ee7e,0000,28287
Exponent - Got: 00, Expected: dc
ea0a,4f5e,ac40,e718,96d6,6c7b,1e63,1e9f,5362,8344,2142,ef80,105f,8fbf,6b60,5fb6,2489,fa80,d175,0797,6c58,7a80,ea75,b2e1,95c4,63ef,44e8,3a61,dc55,46ad,1f60,2d5e,ef78,ef7a,2
Exponent - Got: de, Expected: de
245b,6ad3,8ac6,3053,18f3,5602,442e,8726,19a8,599b,0de8,61f3,21f0,2fb3,292c,d87e,0e4e,8bd2,fa45,42f1,4c34,69ac,227f,05fb,4930,b3a2,7a45,21f1,05f2,8579,6c33,062b,6c53,6c00,83
Exponent - Got: d8, Expected: d8
d89e,00af,836e,fde8,ba13,b7a7,8f08,1c16,e7ae,b7e1,5ace,7dfb,07c0,1dcf,f034,56d4,cf79,32a7,d702,2c2c,c974,e9e6,e9b5,5f26,fc18,83e0,18e7,9d16,a5ac,6be7,38f0,7081,6f9d,6f80,29
Exponent - Got: df, Expected: df
ef6f,0f71,292f,6cbd,9b24,c512,9818,fd28,38d2,c423,d16b,d609,c1e5,2926,a0f4,6eb5,7d28,33d2,cd35,65ef,12e4,8bc1,1c96,1f2f,e8d1,6540,258a,6141,11c3,3b20,e156,5514,ef0f,ef00,15
Exponent - Got: de, Expected: de
3d93,2f28,2d76,acac,caf5,da20,9194,ebb7,83a0,8ea7,127a,ccde,c4c7,9e8e,8833,c5e3,26a8,7ee5,4958,cdca,c2d1,b514,677e,e830,6fe0,553f,ce55,0089,2ac8,ae9d,3280,fee5,6fdf,6f80,95
Exponent - Got: df, Expected: df
23e5,6ee2,e0bf,4ebe,61a3,79a0,6153,5151,cbb3,b6e4,8a89,4fdc,0843,8493,275a,7b94,9e63,6f9f,6a80,1c55,8d2d,6f77,d069,1989,37fa,b315,0b33,93e5,5b82,b5b5,fb9e,c1e9,702a,7028,2
Exponent - Got: e0, Expected: e0
3a19,3e2d,3b11,fd27,bd1d,7d27,641d,e595,651e,8454,165c,6570,93ba,341d,6735,0ebb,ae66,c6ba,47b7,68f8,0e29,de75,1e89,d8f4,4c45,079d,12d2,3e77,03cb,d70c,8ba2,be35,6908,0000,26888
Exponent - Got: 00, Expected: d2
8ca4,babd,8288,918d,cbee,11f9,eb9a,82cd,8488,6981,4f12,3b0c,2e7a,d4a6,348f,5726,9808,4d38,e1a2,90e1,e980,fe53,af6f,3ff1,2fce,5611,d2fd,ee18,4bc4,7e53,ba6f,d6db,ee1d,0000,28190
Exponent - Got: 00, Expected: dc
2fbc,7ae3,92d6,b073,49d3,8180,3483,ca2a,d53e,8314,d712,5c3c,9784,a5ab,0020,8820,9f30,e20e,d64a,0766,98e8,6bd9,374e,36a0,cacd,4618,be94,86e9,23a4,fae3,dfd6,cbe9,6bd9,6b80,89
Exponent - Got: d7, Expected: d7
2790,b1df,9f7c,1f42,b5fc,1197,1474,b35c,bd3a,64c0,3209,122d,9549,3423,788b,c6ba,19b7,de44,46f8,d875,9885,36f4,8599,cad2,d7c7,91a8,f88b,4fba,19a5,c8d6,b4c7,1a6e,64c0,0000,25792
Exponent - Got: 00, Expected: c9
5466,4f4e,1a50,0e64,9d78,6842,9612,65be,fef5,a248,330c,946a,1bc2,cb75,3da3,0918,870a,be84,96f9,1194,82b7,e872,df22,da1c,30a8,0ac9,b49c,7ef5,b948,dc3a,dd02,9a38,e728,0000,26409
Exponent - Got: 00, Expected: ce
8519,9853,41a3,93e0,82c7,3c02,bcfa,2f03,019d,84de,f057,ae77,90eb,c70a,ac04,625c,eb98,3e4f,7df3,1dc8,fdf3,26c8,6a85,3310,e576,6b3c,6aea,e2bf,0eba,3e27,4d9b,01c0,f057,f040,23
Exponent - Got: e0, Expected: e0
4099,6458,d090,8731,7e7f,bd43,8ef9,53a4,8c03,a7db,6054,4194,9e17,a0eb,116a,1dc8,e9f3,8ae0,59f5,fe06,a67a,ebb6,b5e1,9aca,217f,aafd,98e8,ddd9,4422,482a,a43a,fdf2,ebc5,0000,27590
Exponent - Got: 00, Expected: d7
ad0d,5517,5e7d,2381,3586,e66d,2ce1,b2f8,fb9d,392a,65d8,2713,7b9d,242a,34e2,b60b,51a7,b4c4,54ad,5f44,32fa,841f,1cd7,cd2e,3134,a256,2092,9a53,e1a7,51a4,bc07,04bf,e601,0000,26114
Exponent - Got: 00, Expected: cc
921f,74fb,54d2,f4fb,1bd2,bd65,a15f,53dd,903a,239a,2d5d,b247,d0e3,4982,ab91,4686,a38b,2a0c,2f58,d506,b12c,494e,9a5c,5e68,3ed4,27a9,bda6,935d,013b,67f9,2376,a2b0,67f9,67f0,9
Exponent - Got: cf, Expected: cf
47cd,a602,11ce,4a6d,7bb9,5f0e,e030,0ff0,b5ef,6544,228e,314b,c7e9,d026,d206,5c22,8a1a,638e,bcc9,bff0,aa8f,a41a,0dd2,9149,b22b,878f,c340,dec6,c2fb,c3be,fbb9,8c0e,6556,0000,25942
Exponent - Got: 00, Expected: ca
640c,43c4,c843,b313,14b5,4fdc,b443,f5eb,c2c0,2b45,9c53,4fab,8ff4,75eb,0dc0,9ddb,5020,ba80,1df5,668e,41c3,cf80,841f,a2d7,9652,0bfe,1469,2e01,841d,0255,4311,01d7,6692,6680,18
Exponent - Got: cd, Expected: cd
e7c0,d40f,1067,bd87,193c,a80e,6ede,d383,5ce4,995d,6d2f,6035,89b5,e7e6,b9a9,c49a,e993,ea80,c155,7b97,faa0,0155,2e17,5f8b,4bf4,8663,8daf,9574,fb5e,9328,540e,5726,6ef3,6ee0,19
Exponent - Got: dd, Expected: dd
b8ce,803f,aaff,0a6a,6afe,a5ab,b020,0740,c34e,d748,7ee6,419b,dbd8,366f,5dc3,07b8,3bb7,5e00,d0bc,881d,5a4d,8fb9,fee6,a29b,ed1e,1344,8062,0de2,b979,ae4b,31d7,5c74,ed16,0000,27927
Exponent - Got: 00, Expected: da
7532,4958,91ca,c869,bfb9,a886,0a57,2983,5510,d1ba,d099,bd78,4402,940a,c7a2,50ad,bf4c,f532,3658,ae34,2868,2438,2e70,2a2c,df78,acc6,081f,17cf,be20,8b5c,474a,1f44,df78,0000,24441
Exponent - Got: 00, Expected: be
d0ed,c80c,c49c,b615,f039,8b99,a4ce,6607,7f0b,d935,97c7,0d28,a532,c6f8,9f75,ff0b,4635,99f9,528a,14af,3f46,3ab8,5ccd,6b34,32e2,5807,d577,c51d,29d7,2244,ad00,b45a,f039,f000,57
Exponent - Got: e0, Expected: e0
2236,51f2,3dd1,b7ea,1a05,6171,37f3,c35c,07da,7555,54ff,c196,ad95,338e,a669,8365,cd23,b679,f555,cfff,dfa0,2a1f,698b,3b98,65ef,2ce4,9dbd,1dc6,2e7d,3f61,ad5f,35c5,698c,698a,2
Exponent - Got: d3, Expected: d3
d8a2,3d93,fd28,aed2,010f,accd,bad4,e8a1,0330,7136,d654,00f8,5cf9,3600,7e6c,3990,89e3,3e30,384c,893c,9d2e,2394,24d3,e85a,970a,5ca4,ad1d,ed07,671d,0893,fe42,893e,7135,7130,5
Exponent - Got: e2, Expected: e2
a539,9e33,91cf,892c,8f3e,e7a0,466f,9d23,2ad9,10cc,abed,95fa,cc51,6189,f50a,0060,4a60,50f4,bf55,416b,d129,e6cb,9bc6,1171,6113,9711,ae7f,94e3,750a,0d60,e17a,b038,e7d3,e7c0,19
Exponent - Got: cf, Expected: cf
148c,dba5,1952,7be0,1f17,18e9,e698,a155,bb57,b1e1,26c2,0c0f,13d7,1830,ea00,3fd4,7cab,b292,bd77,c7cd,0b02,3794,44fb,68b2,fce3,c1da,68d9,1648,7064,e984,0357,b691,7064,7060,4
Exponent - Got: e0, Expected: e0
bb55,b963,22d1,bed4,a4a9,13a0,c187,a7c4,178b,c564,39ee,861d,6851,40c1,da00,23b4,20f3,1e72,eece,be93,c32e,5d28,0b92,1905,fa77,4a43,d017,7a77,5d43,8139,407b,ec3b,eed4,eed2,2
Exponent - Got: dd, Expected: dd
2005,5105,04e7,432e,9a28,7f1c,c0e2,05e3,e728,fee6,6c9b,1682,802f,deef,ba92,2767,a2e9,05ec,64e7,2dee,c035,52f5,7110,b3f2,b415,0c3d,c365,09a3,3970,f302,a064,fe24,f2f2,f2f0,2
Exponent - Got: e5, Expected: e5
81a1,dee2,d7df,41b0,8d33,32e9,92cc,ace9,a1f0,40b3,34f2,a01b,099b,2148,af0a,4ed4,0d49,7f13,452d,68e7,3df6,d20d,bce9,3bd0,5ba7,a2d0,af95,838a,060d,0941,ff13,9e2d,68e7,0000,26855
Exponent - Got: 00, Expected: d1
5d43,2739,8937,e1e5,dd66,e55c,d996,c7a5,b56a,ac80,45d9,b512,e4f8,f931,2c83,c81a,df0a,1a34,a900,5252,a676,5eba,b287,8222,d9a6,d595,797e,960c,0020,8420,d928,f89a,e5ad,0000,26030
Exponent - Got: 00, Expected: cb
8f2a,3eb4,3fc9,2bf6,3421,a209,790d,4ebf,37e2,f90d,cfbf,13e0,47c7,4688,a005,9805,8a75,1221,a245,de41,87bd,87f2,527d,db99,366e,2f82,895d,530f,6269,cced,6234,83f0,62ce,0000,25294
Exponent - Got: 00, Expected: c5
066e,9be2,8a55,5a01,10f5,fd94,516f,640d,a185,d786,21a9,c3aa,8cad,0af4,dde1,0e1a,8286,3403,42ab,4cee,4ff7,50a8,be09,9335,eb53,3045,db65,6393,7d94,a26f,aceb,c372,eb53,0000,27476
Exponent - Got: 00, Expected: d6
bba5,ed92,56c9,1c24,e31c,15da,ff71,eecf,c8d2,edc3,dcd8,a761,166f,9f83,9a7c,f048,53a8,930f,17e9,e586,5dcd,4c36,952e,4584,500f,596f,681d,8d8d,07d6,b459,7f71,b9cf,f06d,f000,109
Exponent - Got: e0, Expected: e0
b455,027d,2739,ff37,d509,dce3,c79a,d695,be78,5f04,10ba,ca1b,9f4f,d3b1,0e56,05ca,1541,532b,e54d,45c7,8a8c,1899,4ae8,9e7d,a401,3f09,7f37,ac09,9d11,8e6b,ebb7,45a0,ebb7,0000,27576
Exponent - Got: 00, Expected: d7
75fe,1a95,1de0,1bdb,632c,00ea,ca6b,2b3f,38a9,0e98,dc85,f67c,6690,465d,6391,3716,0cf8,c4e1,8f28,1636,379a,3175,3657,29fb,4968,75fa,3391,23b6,3e71,904d,282d,653d,66ab,0000,26283
Exponent - Got: 00, Expected: cd
bda9,a292,d557,553d,32d7,5572,f758,56b6,019b,7758,0bb6,1e21,e65d,94d1,37b8,8fd7,3b08,8b7e,95e8,32c3,5866,5356,9070,8f50,b84e,d0be,169f,9372,e4d4,e41d,d295,8a70,e681,0000,26242
Exponent - Got: 00, Expected: cd
6677,777b,7755,82fb,bd3e,d9c4,9f77,5b89,277e,cab0,9725,254b,13c1,dda6,8b9d,cbca,cedd,d400,c5a8,3623,b68f,0622,66ae,ade3,be78,b304,d962,dc50,f7e8,c607,144b,44a3,6715,0000,26389
Exponent - Got: 00, Expected: ce
d5da,bef1,45cc,ba47,d2f3,8d96,c70d,17c3,572c,1a82,7e37,1d0b,87f1,84be,fe37,340b,58a3,8cd2,d74b,6c25,e5bd,c936,3724,a24a,838e,dd09,38f3,3442,52aa,008f,bd4e,11b4,6c25,0000,27685
Exponent - Got: 00, Expected: d8
c4f5,823c,e438,15f0,33db,157c,b256,1cb2,040b,02c3,2206,e7c2,7a8d,1138,a71a,24d4,e79d,1712,93bc,c39b,a8dc,fa8d,b838,1948,637a,033c,603a,827a,d3fe,c1d9,101a,5aba,e830,0000,26673
Exponent - Got: 00, Expected: d0
0a15,ab41,5257,8b33,08e5,91b4,3d97,a62c,7e60,889c,5a8d,c178,e2fa,a3bf,8738,b236,64d2,649b,3492,727b,5a5f,c92b,9879,4909,bddb,fe60,239c,04db,0612,a89e,a44f,a4c7,727b,7278,3
Exponent - Got: e4, Expected: e4
bf60,1a1e,efaa,7cf5,d34c,9bea,865d,c211,e5d5,e15e,2d1c,de46,a67a,ebb6,95e1,3c8a,2673,32ff,235a,939c,1dbb,ef40,069e,dd13,5669,2e85,d998,c42b,ab63,fcf5,b44c,9224,f005,f000,5
Exponent - Got: e0, Expected: e0
d86b,3d1b,fda1,2a1a,84ce,1647,a5ab,9c20,5118,4dba,7da1,191a,bba8,d0df,8ebe,c023,1163,6781,bb0e,37f8,3f97,5828,1298,9cbd,6cc4,251d,0817,d9c7,d3b4,2513,cd99,e042,6cc4,0000,27844
Exponent - Got: 00, Expected: d9
c7ea,4ee5,8138,fc3a,d342,a864,0c34,c52c,b7a6,8349,700f,e72f,ad21,ea3b,232f,7ca9,9e10,fb2c,fbda,54ad,a944,5516,5a3c,3388,a7ef,3960,6d12,eb48,429e,a79b,d014,5ab4,7011,7008,9
Exponent - Got: e0, Expected: e0
2084,9dc5,cfbe,31a1,d382,72a5,5f00,c1be,afbd,85a2,4629,a2e5,46e0,806d,602d,a3ad,c1aa,b4a9,c780,9a0f,24fb,6472,c23a,253e,a8f4,f2a5,9e00,cf3c,37a2,914d,172f,66c1,66c9,66c4,5
Exponent - Got: cd, Expected: cd
17d6,ba79,0f4d,b413,11bb,2558,db12,e624,30e8,b489,c9a0,5833,ca43,4f17,9449,3121,d903,3a71,ce45,4299,f45c,d8b4,5e05,a1f9,86fa,0f77,5aa9,745c,03b4,3eb3,dc0e,8436,e624,e600,36
Exponent - Got: cc, Expected: cc
