bad8,ad41,b4c0,2dd2,3838,3b55,c81d,335c,423d,3b88,c8d3,419f,305f,2f56,483d,2ed7,4808,3664,3783,411b,c279,c15a,ad50,2f8d,32b6,487e,371f,3859,b8fc,3dad,3f4b,3d9e,3ff3,3ff6,3
Exponent - Got: 7f, Expected: 7f
440c,bdbb,c251,afdc,3317,c97c,4921,c3e9,c5c2,b15d,baf8,2d3a,48b9,419b,3e8a,b867,3f41,b2ed,2d3e,3f2e,b6c0,bdcd,34c3,34af,ad23,3f6d,baf4,b615,311e,3318,32b3,2e5f,bee2,bed8,10
Exponent - Got: 7d, Expected: 7d
3912,c0fe,39fe,c429,c1ac,bb66,aef2,33e6,af48,48ab,455f,ad2a,48df,b783,45c6,b0dc,3254,41af,c45a,c93e,4093,b608,3825,b3bd,c711,3bd5,aded,3374,42bb,3777,bee4,3c65,bff3,bfef,4
Exponent - Got: 7f, Expected: 7f
36b0,3b84,3ed6,385f,3c5a,aeb1,c502,3b7b,c1ff,b341,aeb6,bab3,353f,c708,bf5a,bbb3,3d09,4476,45b4,c54c,314d,4261,4527,2dbd,b85f,bdeb,38b8,4876,2e35,2d2f,be2b,c858,be96,be94,2
Exponent - Got: 7d, Expected: 7d
c6e3,35a7,b085,b6a5,308b,32c2,37f4,bf90,3165,b5f2,c0ec,38ac,b6a8,3e7c,47bf,c62b,36a7,c6e1,3cf4,3d74,4073,424e,c4f1,41fd,be9d,c043,b956,c6d4,b314,3d30,c053,ad30,3e19,3e16,3
Exponent - Got: 7c, Expected: 7c
387c,c74d,485b,30fd,363b,bc9d,47f9,ae84,404d,349f,c510,b605,48a6,c5ae,af1a,c345,c81b,2f41,42f4,c466,bd81,b4f0,c8f6,4706,c516,366b,33c4,3557,3e32,4374,40de,4070,bf82,bf7e,4
Exponent - Got: 7e, Expected: 7f
2e0b,2f8f,35a5,bbf0,c7ae,33ee,411e,ae88,34b9,3fee,2d8d,333f,3c60,b459,3db8,b842,3133,af77,3b1a,444c,3ce5,3eac,3f94,c112,aef4,38c4,477b,c249,46b9,30ec,43bf,b6ad,bcb3,bca0,19
Exponent - Got: 79, Expected: 79
487b,ad23,3236,36c7,3cfb,4792,b14c,3e35,b8fc,3114,4290,b82d,bbd9,ba8f,b059,c67a,391e,3737,b7dd,c896,427d,41b9,b665,2ed8,c3d2,331a,bcf5,3c9c,c602,3b9b,b928,4093,bf56,bf53,3
Exponent - Got: 7e, Expected: 7e
c8cc,39a5,345f,40b2,30e9,411b,b0f7,3981,bbfe,aec2,3cef,305f,3bc2,4297,4624,bad4,4077,2fb2,365a,c7ad,c109,b321,aea5,3baa,4939,ba19,3ee5,b152,30df,c880,bee8,4329,bf6e,bf70,2
Exponent - Got: 7e, Expected: 7e
487a,b31c,3cdd,4971,46c0,b8df,ad18,b7ff,afe4,3243,34d5,b8c8,35bc,b9f1,3a84,32fb,c870,c948,b0a4,406a,30ea,be3a,c0f1,bd18,407b,3a1a,c846,bbee,3d83,37fd,3937,3dae,bb0b,bd40,565
Exponent - Got: 7a, Expected: 76
