72c5,1f60,e95e,ff0c,99f2,bc41,3379,275f,9cd1,43a8,312f,de8d,be70,7f0c,d2f2,29d7,0444,cb4c,b3da,ba3d,d609,85e5,a5ae,1165,ae07,4e9b,44c6,87cf,1300,0126,eaa4,0271,72c5,0000,29381
Exponent - Got: 00, Expected: e5
a42d,4025,43e5,7022,0442,28ca,b01b,a1bb,ca38,f1ac,594f,843d,4875,fba5,9f12,f0ac,ca4d,ce99,4b44,d6d2,0bff,4e28,ceb4,4a29,68fd,2d6c,7036,3f56,86a8,7ba5,0812,2c82,f1ac,f1b0,4
Exponent - Got: e3, Expected: e3
0fdd,a282,c347,ff01,58bf,a7ce,7f01,e1bf,25bc,8cf7,902e,408e,258f,5e04,e9b8,906b,c98b,8cd8,19c1,73b2,55d5,0c3e,bda6,ab5d,a94b,b2d9,05fc,24f7,3b7e,a688,8fc5,419a,73b2,7380,50
Exponent - Got: e7, Expected: e7
efab,60b4,9175,4117,e255,82d1,3594,d0ff,969e,a233,97b7,8158,085a,b6ca,e527,092d,047f,8fb7,9b68,e45e,1216,abb2,8465,3e2d,bd11,4e2b,0e77,6fab,95b4,439f,38d8,96a9,e561,e540,33
Exponent - Got: ca, Expected: ca
c0c5,7e04,a3f8,babf,580a,823a,81be,133d,225b,dedf,30a2,d243,1927,e6d5,8a58,194c,147e,bdd6,dd2d,6bd7,48c0,ae51,dd4d,51b7,a0d4,8095,5ad4,5561,a78b,fe04,50f8,4859,6bd7,0000,27607
Exponent - Got: 00, Expected: d7
cffb,48a4,4735,88fb,452a,6d20,1ffa,6b45,d0d3,f3b2,d4d5,943c,fe14,5ae8,825d,9e19,c165,19a7,6854,8984,4997,e2c4,0401,a649,2745,dc4b,b933,6a81,7e14,69e8,dd3b,5841,f3b2,f3a0,18
Exponent - Got: e7, Expected: e7
cf50,86ce,6443,0c4b,5493,aefa,9727,a9c9,06da,9c57,caaf,08fa,7a6b,1e5f,3fa3,6b1c,faca,81bf,bd7c,4706,a208,914c,ed6e,2734,1c7a,80c2,d543,7a29,329d,19b8,858b,a840,ed64,0000,28005
Exponent - Got: 00, Expected: da
7d2e,6854,4984,b617,58bb,aeca,6517,461d,8fd1,8c8e,4e17,b94b,90f9,0598,7d93,37a8,edc7,6bdc,f40b,ab23,26b5,a7b8,6ef7,fdea,6e91,100c,c92c,51be,da9d,da68,cfdc,db43,f40b,f408,3
Exponent - Got: e8, Expected: e8
4ff7,c0a8,d329,3ecf,bf72,d28c,fa29,a19d,bd9e,3165,7047,3d67,86dd,4e90,1c0d,ad75,cb6f,8539,b873,21c3,e740,ea8e,8cdb,2b02,55d4,147f,5397,52f0,b255,0c71,7a29,1e9d,7047,7040,7
Exponent - Got: e0, Expected: e0
cffe,77e1,214e,ae8c,9ed1,f7ac,ab43,ecd5,cc4c,f6d4,ea39,45ad,3466,c18e,858d,dfc6,67f9,8576,51fc,c25f,4a1b,de4f,2a33,98a7,5e56,616a,0f28,0f36,02a8,caad,c078,0bf8,ecdb,ecc0,27
Exponent - Got: d9, Expected: d9
7aeb,68de,b58f,b724,d74a,c464,58ec,635d,3edb,1666,d7ca,6ee5,5778,13d6,bc71,a749,b647,faeb,71de,3abd,a388,a0cf,b04e,1cae,6117,8415,aa5d,0449,e801,8791,90de,427f,71e2,71e0,2
Exponent - Got: e3, Expected: e3
a7f4,ebbb,2eac,0df1,bdaa,6a51,8ec5,7c98,fe61,19dd,d0ae,728f,0daa,5131,11d3,af30,b66e,2082,b243,8fe7,bb38,7e4e,6d32,d968,94da,2573,11f9,079a,ef15,298b,ad18,1042,728e,7280,14
Exponent - Got: e5, Expected: e5
0876,4be6,36f1,9cdc,d6e5,6e08,d8d4,2c65,257d,ca77,ea23,1337,14d1,38b8,7ac9,8a7c,4e68,9ef4,fac9,0b7c,046a,32e2,0007,25c7,704c,83ac,cdab,6af0,f025,aa85,9c90,aba9,6f3e,6f00,62
Exponent - Got: de, Expected: de
6c16,ff4e,4b30,d9a6,c195,f356,5f30,8b8e,cd19,dec3,57be,4691,c85c,32cc,4ba9,c57e,4f74,46ea,82e7,f622,7f4e,f430,e5d8,e013,2113,af91,4a8e,479b,5dd4,cc6f,de37,f64b,f6be,f6bc,2
Exponent - Got: ed, Expected: ed
22c3,0846,4fd6,c4c9,6d00,0bda,cf4d,df93,2aec,d3b9,a85e,4a8e,c59b,4ed0,e84d,9cdd,04a4,43ad,526a,5a4e,a97a,0ea8,ccb5,7e6c,e390,3c57,a7ef,2d60,e33a,887c,fe6c,3490,6d00,0000,27904
Exponent - Got: 00, Expected: da
2b05,8613,addf,6944,b496,da7f,640b,fa03,9737,b3d9,befe,7a03,3c37,bd8f,3f34,824a,59ce,66fd,c170,06f2,bc7f,90c7,3026,e9c6,6f95,da0a,373e,0ad0,06c5,6f88,cd57,a70d,700e,7000,14
Exponent - Got: e0, Expected: e0
d788,a627,2aab,b43e,62d6,b993,f420,a3c8,a28f,600a,744a,1a22,3096,c377,9331,ba57,32e3,0246,39c2,a731,683f,732f,5209,e6ed,7e60,b89c,f2ed,1648,8264,fe60,c99c,030f,7361,7340,33
Exponent - Got: e6, Expected: e6
8a74,1e60,3e5c,2f20,4f7e,0860,fe70,eb8c,355b,51f1,c312,0814,1d04,c63e,f232,b156,89b4,4ba7,5af0,1445,dd2d,a1d7,8954,0b46,48d0,dc41,31b9,599a,3ba9,639e,74d9,7e70,74d3,74d0,3
Exponent - Got: e9, Expected: e9
4845,2795,609a,9cdb,0522,4da8,fb33,6005,9f85,e1fa,a4b9,69b0,5d63,5719,f1f7,4dd4,5e4f,7b33,ad05,011f,a0dd,24dc,5395,b872,5182,65a1,632a,c16c,f1ee,0b8d,beda,cd27,f272,f270,2
Exponent - Got: e4, Expected: e4
cc12,ff0a,3e74,ef08,acd6,f20f,c22b,bf6f,49d1,a702,cacc,fe59,c9e5,2136,50f4,0d55,0a0f,c5db,d090,7f31,b78f,9320,9206,eca2,91fb,b618,7d74,e08e,1ecf,ed32,ba68,831c,f211,0000,29202
Exponent - Got: 00, Expected: e4
5b25,62d3,6ed6,578b,53e4,9243,bfa7,3518,8972,7ce0,9019,dd79,b883,a932,fce0,2519,2313,9795,25fa,c731,14ff,ab16,cfc0,aa5f,c4cb,6982,2dd1,81ca,2649,4845,4995,3e46,6ed6,0000,28374
Exponent - Got: 00, Expected: dd
5639,e8d5,3044,0f24,4a3a,c62e,dc22,2b1a,9bcc,9dfb,e000,55c0,576b,7b05,bcb3,950a,eea0,037d,623b,f03f,3c1f,03a7,3860,2210,fa54,faa0,d555,9dbf,3744,962a,1786,8429,f053,f000,83
Exponent - Got: e0, Expected: e0
166d,6101,9b83,aa74,3820,d450,dff8,0447,eb8f,d798,b237,1a93,7866,2f16,04c8,66c1,484c,8ddc,b1c7,0f64,9e7a,c5c6,17cd,4ea2,d0bf,ecde,9087,f866,ec16,904e,5eee,dbd3,ed26,ed00,38
Exponent - Got: da, Expected: da
e8a9,2b38,4b6e,5078,64d8,fe11,0dad,e4f6,24bf,d136,e914,dbc6,93f1,5296,6bb3,bda4,27df,5a50,eee4,b439,dd11,14eb,0a02,0c96,6d0f,a215,7e11,30ad,c18c,cf0f,b751,a27f,eecf,0000,28368
Exponent - Got: 00, Expected: dd
10fe,595f,1a2d,5d59,53a3,8dc4,51df,e6bc,a871,0f61,2b3f,2ea9,ecb4,226d,ef69,fcf7,dcce,7cf7,6bce,ae99,6584,da4f,6a3b,702f,d90f,657d,9cf7,ce0e,8412,db9a,9aad,80d8,6fe8,0000,28648
Exponent - Got: 00, Expected: df
1c5e,1de6,265d,8751,2e1f,9b83,0474,b37c,ad1a,c8c0,b151,c073,4933,2d61,b77b,1ed5,95a8,ba83,4336,9c30,cd08,fe92,bdef,6354,7e92,40ef,cfae,e5b1,383a,beca,1b37,98c1,e5c0,0000,26049
Exponent - Got: 00, Expected: cb
267e,d7b2,2e9d,c380,0807,13d7,5230,3694,c5f9,1a32,c086,6287,9982,9431,d959,b6ab,0506,7c8c,b975,e747,e349,dacf,66ba,14f7,b51e,43f4,4e73,622f,392b,4799,2d56,fc8c,e6d4,0000,26325
Exponent - Got: 00, Expected: cd
b0e6,5807,8577,67bd,cc32,452a,2720,116e,08cc,b7dd,c1f2,2ef1,daec,e459,cdd1,200a,16ca,4a67,7933,5d01,17fb,eb14,e3c2,2085,db84,f933,3001,3821,3611,e83d,d2ad,a848,eb15,0000,27414
Exponent - Got: 00, Expected: d6
196b,5999,636a,932c,e30a,5a4c,15f8,65d3,9fd8,84e7,262e,53e2,93c5,9fa2,581d,f1ed,574e,d860,7dd0,bd2b,6a91,5e04,13b8,8b9f,1348,9f6e,fdd0,5c2b,da53,e927,3f35,ba0b,f1ed,f180,109
Exponent - Got: e3, Expected: e3
5f95,286a,ecba,11e3,c100,3682,f66f,ce43,e31f,ab19,640f,1707,d0e9,ff08,c6f6,3efb,0c46,87de,6951,4fc3,519c,aa3f,f0ab,338a,ab6d,c97b,4829,1cf9,2680,c4cd,0604,7f08,f66f,f66c,3
Exponent - Got: ec, Expected: ec
248d,0184,e087,e286,28c3,7a52,d226,6202,9446,2aee,0f3b,0be5,88b2,6323,5925,4cd7,858e,cd05,5bdf,a8a8,3ff9,afc6,4d19,b9c3,6270,68b4,4965,92b7,fa52,b726,27c8,3b87,68b4,0000,26804
Exponent - Got: 00, Expected: d1
0bc5,c092,b793,0a3c,5d28,a792,a85d,704d,55ed,e806,a656,b49a,e573,6879,46e9,2c24,0d7c,1e66,4bda,a7cd,d1c2,dee1,7f1c,26e2,202f,19af,205c,ff1c,f5e2,ba89,b1bc,65df,f5e2,f5e0,2
Exponent - Got: eb, Expected: eb
d556,477c,0cf2,fe6b,5557,8e3d,a061,a561,7e6b,2657,cfdb,9e84,0eb9,bee4,ca99,714c,52ae,238b,d10c,05ae,0c25,357d,9257,54b3,a0da,a51b,5491,e678,d1b4,5517,a87d,a06d,714c,0000,29004
Exponent - Got: 00, Expected: e2
a529,d823,1153,21b1,b5b2,1c59,2821,8431,9d79,0803,a4d3,095a,cdc8,3453,76fb,d6d6,f6fb,6bd6,4a81,c854,62c4,9901,c473,4b3b,136d,220b,2c8f,9b16,37a0,bdcf,4d74,86ee,6bd6,6bc0,22
Exponent - Got: d7, Expected: d7
fdef,e1d4,1317,8ef1,c5ac,4b27,6c71,dae9,871c,7d12,1b68,735e,aa38,c16c,83ee,8d69,0833,36e3,8a4e,04da,0c53,2c8b,3412,d2fa,e1df,27dc,2293,a216,b4d2,3f3b,b185,7da6,735e,7340,30
Exponent - Got: e6, Expected: e6
493d,22ef,fd6a,5c10,98a8,0999,3dca,8d31,9e6b,8997,6544,2e8e,6953,2d41,255b,61d1,cb52,0244,8b40,6256,c912,0e00,181c,a32c,7d6a,3710,a17e,99bc,1b8f,9878,a548,3602,6954,0000,26964
Exponent - Got: 00, Expected: d2
7594,207f,0dff,8624,8428,2f20,5f7e,f640,63ac,8a6b,4bbf,44e8,1461,c209,d7cd,6322,af64,eb3a,c06c,aeec,8eb1,75ec,e407,0e0f,a5d3,c858,b9c8,3abb,920e,beaa,9f57,53a9,eb3a,eb00,58
Exponent - Got: d6, Expected: d6
6bad,d83a,3f0a,9df4,61cf,0ecc,51d1,df32,e80c,6cdc,f105,9da7,7f5c,02a2,0627,3beb,ff5c,8fa2,4c3d,6fe5,b87a,b98a,a879,3f69,6757,9c59,2d21,333b,0b9d,d2ca,efef,b5f0,f106,0000,28935
Exponent - Got: 00, Expected: e2
fecc,8431,9379,381f,e9af,81bc,59bf,7ecc,bd31,a20b,d38f,27e8,55a7,accc,a895,4c84,871d,bd53,32e9,a2cc,d889,1778,1756,96f8,cfd5,e10a,5c48,9cf0,3dc9,6bf2,2fa5,9cba,6be7,0000,27623
Exponent - Got: 00, Expected: d7
b687,5e2a,6c16,294e,2e9c,bdc1,9afa,894f,2b9d,408a,4a8b,50de,c9ff,07ac,d8a3,f9d2,52a1,4e44,41d8,675b,6d55,80cf,4a0e,951a,3eb0,06cd,eb80,2a57,79c3,77f0,131f,98f9,6d6b,0000,28011
Exponent - Got: 00, Expected: da
a552,2e98,7ec5,6578,27b2,ab7d,d76b,a005,6405,dd8d,4576,227c,ad38,6c62,4c3a,7e22,d45e,0676,6ffa,3da5,009e,e91f,190d,287f,cbef,59b8,ff0b,bc35,280d,031d,725b,807f,7263,0000,29283
Exponent - Got: 00, Expected: e4
151a,4db0,632b,f92d,159f,c874,a0e4,dea5,8058,7958,c7aa,b0a5,4884,d715,8bfb,f82c,38dc,3fad,e092,b1d3,2870,e620,87ec,a9e3,d070,add0,a28b,590e,c63c,c0b0,9931,f043,f043,f040,3
Exponent - Got: e0, Expected: e0
5225,2fc1,03de,6859,b6c9,b3e4,6983,7390,8177,b9b5,b186,8365,0923,d3f1,4016,8516,fd9c,9d67,039d,9ada,256f,8ee5,b6b8,2fd5,f2ca,41af,b4ec,2c85,7d9c,5667,530b,256d,733b,7340,5
Exponent - Got: e6, Expected: e6
de1e,8a22,01b6,aa35,ea21,d1b5,7b56,1a20,8214,3c10,0468,4660,c4ec,4865,a9b5,d7a6,4f89,fb56,bd20,665a,0416,879e,b111,9433,21db,db58,3cee,6517,841d,1055,df35,8bcb,ea20,0000,27169
Exponent - Got: 00, Expected: d4
619c,525f,a73b,08b5,1de4,c0df,289e,c14f,f50d,a7a7,a128,b26a,a78e,1f41,993f,7dcd,2e76,4baa,1bbd,96ca,b567,fdcd,d376,6350,ef96,23c9,67ce,6081,9000,5120,7382,abe5,f4fa,f4f8,2
Exponent - Got: e9, Expected: e9
9202,73a6,6ac1,2854,1f04,0c3a,9aa2,6317,7011,62b1,ce34,12a8,a88d,a49c,7ed5,4768,33e6,4a01,fed5,8c68,8570,187a,0cca,da53,2727,b4a9,dd80,ce3b,f167,5b45,a8b3,3922,73a0,7380,32
Exponent - Got: e7, Expected: e7
634f,0049,d609,19e5,b496,2e7f,6fe3,53fc,c85b,1d0b,4bf1,5126,4004,2184,aac7,bc52,27aa,1d65,2a1f,cb8b,badc,faa9,871c,cf12,d00c,a6ac,1ae1,9e94,7aa9,e21c,54d8,2c71,6fe3,6fc0,35
Exponent - Got: df, Expected: df
90ab,c54a,2e40,e41c,86d4,42d9,d61c,82b0,3fb5,da8a,03bf,de78,cbc4,0f53,c18d,7f4e,8230,1b34,8802,3792,bb7d,a34b,98cd,0ebc,57a1,ff4e,e930,0ae2,ce77,942b,29c3,b750,e930,0000,26929
Exponent - Got: 00, Expected: d2
52b2,c097,60d6,6d97,4e8c,6511,bd9b,e820,cbf0,3c67,79df,9aec,86d9,5594,bc3f,2887,8116,5994,1e27,bfdb,c264,a2e0,51a5,a246,9a82,b737,1599,a3f2,3235,4711,f9df,3dec,6d97,6d80,23
Exponent - Got: db, Expected: db
3967,e8d5,8844,6054,6994,5c47,1f3f,fec1,037c,587a,a24a,bd8e,c775,29bb,ad28,0472,a8fa,3f2b,2395,d892,c5a3,aae8,c3bd,6b7a,a12c,f16e,ab0c,895a,04c8,7ec1,5a7c,ebc8,f16e,0000,29039
Exponent - Got: 00, Expected: e2
3484,95ed,f986,99f5,7986,32f5,05d0,57db,cdb4,db2f,c759,3897,b926,99d4,4de7,2abc,17e9,df86,33b9,b99e,0f6d,3833,7083,5ca2,2c9b,8802,4f92,458d,4846,e956,6504,c4ce,7083,7080,3
Exponent - Got: e1, Expected: e1
9f6d,8f13,62cd,6748,2f86,3259,487d,0fad,12f2,4c57,810f,69cd,2e5e,5d82,d5b9,2e52,468e,2383,ef04,73da,4dbd,8c66,4efe,7de3,1dd8,fde3,60d8,b819,1d29,1553,21b9,6bba,73da,73d0,10
Exponent - Got: e7, Expected: e7
ad07,2b9d,268a,c047,6407,270f,2c81,0698,1e95,8de8,2af3,9e66,a0da,6f1b,d905,0df7,922c,c008,4b88,b31f,4db9,3162,4d80,ef1b,e405,dc8d,4874,99e4,5dd7,9aac,d899,c968,6101,0000,24833
Exponent - Got: 00, Expected: c2
4d69,abb3,ec24,48fc,2f6d,9a73,c187,a1c4,5b87,7af0,aa05,d011,5ff1,3f0e,faf0,c305,d3c3,48a4,9335,bf53,a8ed,d2fc,9459,1f31,cf4f,af11,240f,3587,e62c,62e0,8c25,307d,ec24,0000,27685
Exponent - Got: 00, Expected: d8
914b,c4a9,b160,e602,4b4e,0658,6854,4f84,3a1b,caaf,3efa,da07,2473,cefb,0da6,ec3d,60a5,3d24,e05e,541e,8d36,45ac,9427,86cf,5e02,883e,ecae,8ef7,dc2a,7912,3960,f912,ed06,0000,27911
Exponent - Got: 00, Expected: da
1fd4,46eb,baa6,9453,19bb,3d48,3732,29dc,8c8f,1e56,7dea,1d91,fdea,6491,5618,3eb4,19c9,dbba,508d,156c,2e46,679a,2bd5,92c2,c767,9929,0c5b,4e83,a8de,d20f,9c6b,9d93,679c,0000,26524
Exponent - Got: 00, Expected: cf
bbb2,5845,bdb5,618e,aecd,b2d0,53b5,ae52,c98e,e99d,b30e,f5e8,8603,abcf,df58,a2e6,9223,d3c7,23a0,31e7,5644,75e8,d303,1465,4d0d,ccd7,c48e,da87,28f2,e423,e92b,d439,e9f3,e980,115
Exponent - Got: d3, Expected: d3
18ab,a45a,0f92,0b0d,6e5b,4047,b307,c5a1,f06a,6b0a,c15c,49de,decd,aa30,b564,570e,be20,b15c,d73e,7b10,25e6,e82d,34bd,8594,479f,12d0,54f5,8b1c,4d0a,fb10,24e6,ad2f,f05c,f040,28
Exponent - Got: e0, Expected: e0
583e,5b0e,7e38,64c4,2d0d,0a17,8fc3,f21c,d4f8,6f51,bfcf,d570,b2da,dd3f,e145,1dc7,cc3c,66a4,8969,423b,3c7f,63c7,a6c0,218d,868e,8a03,17d7,fe38,dfc4,cf7b,4625,07e9,f219,f200,25
Exponent - Got: e4, Expected: e4
3247,9fe3,501c,27bc,3cf3,244a,b082,ab63,2ef5,d5e8,a243,e9c7,c5d4,495f,ee0d,4891,ee40,4f9c,ae03,799f,26ac,53e1,4306,4400,c488,6f01,f99f,33ac,eccb,49d2,0dc1,e19a,6e1d,6e00,29
Exponent - Got: dc, Expected: dc
c225,00e1,3ca0,20d9,02d8,4add,cd08,c292,f197,17b4,189b,066a,a0e6,da27,8253,7197,56b4,c719,c2d7,5892,2aa3,6236,5f72,c14c,b5ce,0125,e467,006f,c5af,19e4,28d7,c546,e45b,0000,25692
Exponent - Got: 00, Expected: c8
5f0c,feb2,e5cf,7dc4,6e3f,4323,1b65,9e13,33ef,de48,c3f4,b573,a6d9,d1d4,9777,9999,a6ea,d327,2b41,eb57,7141,ede3,dcf8,1141,b123,7e81,be3c,c040,13c0,ede7,39fc,828f,7140,0000,28992
Exponent - Got: 00, Expected: e2
bc0f,02b7,bd72,2488,1ec1,84bc,9eb5,dac8,6b7d,48eb,e4ba,05f3,f538,44d2,c8db,e38a,e4cd,1a44,8970,c062,ad62,96b8,3b95,e6a2,bdef,8354,c552,c658,a7d4,319b,7538,53d2,6b7d,6b70,13
Exponent - Got: d6, Expected: d6
f74a,0024,0524,502e,0b0e,9898,5fa9,5356,5c70,06c8,82c5,9680,e9ad,1b3e,aa88,ebdd,774a,5f24,ba9a,c56f,0725,2e6b,96f7,c81a,8b0a,ba9c,26e9,46e4,2f69,3377,cad1,e704,ebe8,eb80,104
Exponent - Got: d7, Expected: d7
e4ef,ace6,643f,6137,a835,b025,9a05,1671,021d,a559,7453,527b,e21f,c81b,bd4b,d2f1,3b14,2662,36ae,e343,c245,d681,bb6c,b51a,88f0,fde1,cc5a,1f42,09fc,4cef,ebb6,7de1,7453,7450,3
Exponent - Got: e8, Expected: e8
c234,26b0,12fd,1798,0db7,306c,490c,649e,21d7,d454,00fc,69fd,ee6e,4a32,7a26,2752,3f9c,02e3,fa26,e252,3716,8ef8,ede5,cb7e,6d68,59b2,3381,b3a6,9341,5e27,d55b,0c31,ee93,ee00,147
Exponent - Got: dc, Expected: dd
e6e6,70ab,5c8a,c6b3,11fe,105d,e33d,87bb,ee74,50a8,1e09,d475,ae9d,a880,3bd1,1be6,a251,af55,954b,72a1,2604,ff48,d6b6,f29b,33be,5259,5abd,7f48,bdb6,074d,b003,21a3,7102,0000,28930
Exponent - Got: 00, Expected: e2
bd0a,d6f0,555d,50b7,29d6,4605,a7c9,3ac6,3133,8591,1ada,0c6f,b3b7,c110,a492,e55b,6251,d2d5,8430,1b38,510e,dc2c,0c94,a18d,fd8e,9df5,7d8e,6cf5,6d6c,deb6,da8b,b1fe,6db3,0000,28083
Exponent - Got: 00, Expected: db
024a,4ece,19d3,d520,ca8a,9b9f,0568,c362,8064,aa64,2430,2278,b63c,7050,36b0,8cdd,dc84,7e3d,2981,2392,4f55,628b,368e,d963,3611,fe3d,5681,106c,014c,844e,ccc6,62df,7050,0000,28752
Exponent - Got: 00, Expected: e0
f399,a03e,54fe,1fd7,b428,7540,bdaa,ba51,3565,a84f,5cdf,6da6,8afd,66a8,ea65,6ef1,406c,4bec,527b,6c1f,e307,7f01,63bf,dcb8,ff01,14bf,df56,cf68,2ef6,f52b,9a01,d175,71f4,7300,268
Exponent - Got: e6, Expected: e3
9b6c,fd5a,e420,dde8,c653,851f,2dd5,bcce,9c37,2acf,7d5a,8720,862e,5ea2,c29f,c0da,6ddb,05c0,5bcb,cdbc,8327,a7e1,42ee,6deb,b5f0,5e9b,6ce6,59bf,9ecc,caf1,6524,54ee,6e80,0000,28288
Exponent - Got: 00, Expected: dd
7c17,232f,42a9,346c,1904,2836,6be6,98b1,ebc0,fc17,522f,cd4b,5211,70f5,d554,c9fe,d3ed,170a,c1a4,2d27,b0bd,469c,2311,e117,9315,4173,6731,c3bf,59f8,194b,63b9,913e,70f5,7080,117
Exponent - Got: e1, Expected: e1
2e58,6404,39cc,d4bf,aed6,a60b,c587,37cc,b8a3,2d12,21c8,e18b,1a88,94bd,88d4,54c5,b52c,9f46,2bf8,07af,ca60,ddf4,6f4f,1651,b63d,9811,b161,1243,faa7,5a92,7aa7,8b92,6f4f,6f00,79
Exponent - Got: de, Expected: de
3f85,58ba,808b,bd4a,7cb0,6249,cecd,1610,a03c,887c,206c,052c,c026,5226,9902,fcb0,4149,f38b,a2ac,2ce9,bcf0,9189,64ea,94a3,614a,a508,6042,ca02,2b16,9ec0,adfd,abe6,f38b,f388,3
Exponent - Got: e7, Expected: e7
ce7f,d823,3d53,3de9,add2,9409,5361,9587,cb6c,f9fa,3689,b2a4,c0c1,0d00,4f1a,4b04,6892,c8c3,e792,eadd,0848,2658,0014,4514,849e,9e17,e8eb,79fa,c189,024a,66ce,2183,eae4,0000,27365
Exponent - Got: 00, Expected: d5
ad47,c7dd,4d12,7f08,73f6,4491,8458,b150,ec32,cb6a,667c,8bb0,80a7,5266,c542,ee48,4394,4013,4853,5c03,aa7b,51ef,a08c,42cd,ff08,b6f6,221b,5a9f,b1ea,aa09,851d,e757,73f6,7380,118
Exponent - Got: e7, Expected: e7
5237,e553,9c59,0721,976f,ed81,7c1a,3062,dc82,a7bb,ee34,bce8,3991,a1a2,5e61,d29d,6a78,84ac,b4a5,148c,5ba5,ea52,8306,d580,d02b,c54b,a201,5b05,58f3,6a82,86d7,fc1a,ee73,0000,28276
Exponent - Got: 00, Expected: dc
37fb,4354,c2d2,49d7,9684,16a9,d6c4,1469,0e01,345d,5175,bc97,fc2e,0856,99c6,0575,ae3f,baa3,1d16,eaac,d079,e999,ba0a,59fe,66cd,9740,e06e,7c2e,ab56,e980,a453,e9db,eb14,0000,27413
Exponent - Got: 00, Expected: d6
579c,9233,6bd7,bec0,4fbd,1c62,38da,b42b,5583,0be8,3fff,de40,f9fc,b10f,79ad,401e,791e,846c,6464,9bac,479b,91d4,99f7,4704,148a,aa23,5fb7,94c8,a1e1,aee2,c13f,2b7d,6bd7,0000,27607
Exponent - Got: 00, Expected: d7
dded,5316,3830,9240,8564,036e,eae8,b53d,7b17,5421,4ec9,bc14,0e6c,a770,d63e,3e12,64ee,dfa7,1dd8,dfe3,0e9c,3981,61b2,a3f1,8ef6,d86b,4b1b,8d4d,fb17,6121,67a3,8bac,eae5,0000,27366
Exponent - Got: 00, Expected: d5
d77e,0550,035a,47dc,a253,97d7,ab38,9c6e,56d6,b9fb,5648,ece4,7c3d,2d85,569e,dbb3,60c4,e305,6d83,3598,cdf3,4aa8,fc3d,f085,c024,5ca4,9d1d,5767,3c09,3431,0a19,b44d,f084,f080,4
Exponent - Got: e1, Expected: e1
a57b,bef1,81cc,85cf,0f04,d01a,793a,3d48,1132,2d90,afcb,6c54,198c,26bf,8132,a2b0,d1f5,2116,94d4,2cfd,65e4,6e2f,3133,3d91,49aa,61b9,f93a,ba48,4b3c,52aa,5a8f,affa,6e3c,6e00,60
Exponent - Got: dc, Expected: dc
dc3d,62c5,9f40,c07e,987e,16ce,a363,50e5,e704,7dca,1db1,fdca,84b1,a7f8,80b7,d276,8252,67d6,c299,835c,515a,b178,701a,187a,c6ca,35c7,346c,b104,d566,034c,d04a,5b6a,701a,0000,28698
Exponent - Got: 00, Expected: e0
253c,a876,6ca6,77ff,9ad0,d3e5,6702,b54c,6926,5274,c1d0,3653,c2ff,80ba,8f3b,1ee5,d998,682b,463b,2477,f7ff,bdd0,6cab,54b2,ee9b,e786,d1c9,342a,68c2,aa93,ad06,e7dc,ee86,ee84,2
Exponent - Got: dd, Expected: dd
132e,e688,d145,a7a7,a528,ca62,6176,8834,5824,a194,47d7,7698,f675,18d9,2ca8,c6f1,a13c,677e,e230,bbf4,1783,f56c,cb86,a191,3292,d277,3413,60bb,9cba,5703,9d6d,cf17,673a,0000,26426
Exponent - Got: 00, Expected: ce
33bf,4018,f898,c369,c6af,5ce2,86db,0716,7898,c269,49ad,b47e,ee96,e0cb,0dca,d551,6abb,b2ae,544b,6023,4823,dc73,bb0b,34bd,0194,b697,183a,c48a,0f83,8b5c,c54a,ce40,ee95,ee90,5
Exponent - Got: dd, Expected: dd
305f,0bff,f828,1bd8,03ef,3428,cc40,c9d8,504b,6a2b,5a3f,894b,ee99,ad04,095e,bacc,38b9,8688,bf85,03ba,2f3d,cc23,017b,0bb9,f9ee,8d9d,d3c6,f9e1,5052,7a72,cc06,b21e,ee99,ee80,25
Exponent - Got: dd, Expected: dd
1e58,b664,bc08,5570,55da,f5f1,9a5a,3fee,2a11,f605,c4a9,4160,c9e2,24f1,c8f8,8369,2c2f,3fb7,7408,4ae0,7675,5dd9,2322,8fe4,69fb,5be8,a55f,a1d5,21d6,dc15,aaed,50f8,69fb,0000,27131
Exponent - Got: 00, Expected: d3
20d8,3299,c4bc,4035,45f5,c03e,d03e,621e,655a,0d10,530a,1b2c,401a,081a,f48a,bbe3,4454,99dc,33ef,8648,7544,64ae,bbe7,d750,f4fe,5897,37e6,5e09,bef5,e4c8,4d01,13db,654f,0000,25935
Exponent - Got: 00, Expected: ca
618f,f48c,5665,9d89,2af2,1a27,0fd3,a10c,9f4e,2bf0,3da7,e21c,50d8,c879,7da9,c712,401c,a39c,45db,3190,4ff3,bfac,97d3,f23c,0ed8,8ec5,9898,fda9,1a12,f0a6,9ac7,2832,f493,f490,3
Exponent - Got: e9, Expected: e9
f8a3,1792,173d,e853,2f43,dfdd,5922,d310,32b6,bd53,56e9,6204,09c0,1bd3,4724,e0aa,81eb,1e28,f814,20e4,ada5,27be,c471,81b9,8efa,4167,0e25,5f79,a187,db04,efb2,78ed,efb2,efb0,2
Exponent - Got: df, Expected: df
b73b,fe95,b228,214c,9c0e,3cb6,ab4f,81d9,d69a,53b7,5ad0,d465,968d,c0e0,9161,5603,4c6f,c537,0d7d,b827,5297,33f2,d715,b5fb,fe50,edac,2577,7efd,3940,8532,36b8,12d5,edac,0000,28077
Exponent - Got: 00, Expected: db
5c67,2f1f,e281,6b04,12d2,8077,6ab7,3fa2,175d,0633,e4ff,08f6,ab67,23f1,e1f6,8db5,53ee,50c9,0c28,ee30,abec,6fbb,87a4,7bab,d59c,6937,ba25,aa11,0b05,7253,0e77,fbab,7258,7250,8
Exponent - Got: e4, Expected: e4
e9fd,6f6e,ae30,f96c,d99e,b1ad,5f8e,9cb1,b5c8,84a3,416a,0f68,3576,e69c,d451,e5b9,ce32,cd2e,9d34,8b0e,e598,bc53,b1eb,ec48,3390,65f7,b0fc,589d,796c,249e,e557,a75d,6f6b,6f60,11
Exponent - Got: de, Expected: de
22ed,a5e8,30a3,5202,0e26,17ba,b115,af37,bda9,6492,d4db,37b2,655d,6ed7,e9ca,7a99,ca2c,dcb8,db01,dcf7,188e,333f,fa99,b52c,6146,4e04,8798,2697,d71a,de34,a488,a7c1,6ed7,6e80,87
Exponent - Got: dd, Expected: dd
4557,1a1d,7369,11cf,fe2c,6ad0,1a05,b571,685b,384b,32fb,fe5e,bc22,cfda,7ec5,e178,94ba,a113,3291,56b4,a719,b417,44bf,6df6,e2ad,c628,dda4,0f1f,6ac1,a254,6610,6edc,736a,7300,106
Exponent - Got: e6, Expected: e6
2f41,695f,824d,fe09,07b5,8efa,bb67,9dd1,a0aa,d16b,7e09,d6b5,2058,b418,2970,2922,67f0,ad3f,4ba5,2a72,4ea6,9dbb,6640,3e8c,57f1,4b1e,b408,8f60,da7e,be4a,83b6,c531,6980,0000,27008
Exponent - Got: 00, Expected: d3
1da9,a1d2,0611,465d,1591,97fa,8055,4615,99d9,66aa,30e7,a146,d584,d72f,d341,b6a7,6a0a,d45e,f876,dc06,4a3e,012a,43a8,2d2f,d0b5,3254,9b30,9806,5cb6,ab8f,b718,7876,6a0b,0000,27147
Exponent - Got: 00, Expected: d4
38d4,83a5,bde2,0419,d851,51a1,9d42,e8f8,d929,e2db,b1de,313d,b21f,ecbb,e7a2,52ed,d908,10ba,fe1b,6b27,ba31,6d05,849f,c856,5246,bb62,4494,131d,507b,7e1b,dc27,a45f,6c45,0000,27717
Exponent - Got: 00, Expected: d8
35cb,0f60,b37e,b798,4ef7,a9aa,7c79,2ec1,9cdc,dee5,8e18,e704,8bca,2a5d,5b49,4dbf,bce4,409d,435c,b0da,873b,86f5,60b8,fc79,65c1,174a,5be4,d253,dd37,354d,5267,f103,f103,f100,3
Exponent - Got: e2, Expected: e2
e3ef,35e8,d983,f8f0,0f01,495f,9a0d,3a79,a84d,2a5d,8d49,ee13,bb0f,e7b9,5436,8d1e,6b84,1853,4ca3,02fa,6e7f,4b63,9535,315f,c4fd,e234,78f0,1a01,3675,c759,6897,d986,6de0,6dc0,32
Exponent - Got: db, Expected: db
31c5,e4e6,d6af,e6c2,258f,0204,a300,4846,9556,a1fc,49bf,aeec,d0b1,5550,71fa,1199,f1fa,5299,187c,154c,0a66,b1f2,0211,9455,123d,b759,c877,2a27,31b3,3f10,bf6e,5d90,e6d0,e6c0,16
Exponent - Got: cd, Expected: cd
8b96,cd01,14db,a432,cdfa,26e1,a4ec,06a5,c3e8,386f,6bdf,d8c8,a979,dc6b,7113,8131,2873,eee3,21fe,1c3d,0745,660b,7e07,af3b,00a5,71e4,fe07,cc3b,2963,0ff1,37ae,8041,7215,0000,29205
Exponent - Got: 00, Expected: e4
95e6,1b4d,303b,809b,675a,ed14,69ce,669d,cf10,8c8e,bc17,64af,eda6,d9fd,550e,ca24,ecb0,1b69,fb1f,0529,d363,1805,3775,c25b,7b1f,4229,54ed,f104,d5e6,19cd,94be,c017,f106,f100,6
Exponent - Got: e2, Expected: e2
9d5b,d2a1,8d44,2d5e,8a84,de91,416c,3cee,4117,1c55,c12d,f7ef,2fc0,3f9f,bc20,e758,3296,5173,0711,cf5f,6501,498b,abd8,a48f,5406,1d2e,ce94,ba09,c93d,77ef,c2c0,af45,e750,0000,26449
Exponent - Got: 00, Expected: ce
7efe,3f83,133c,901a,e7ba,c2f5,d230,2f94,98cb,e53a,c470,a5f8,46b3,fefe,9e83,977e,c5d0,c45b,1113,d7f1,721e,917a,c6d8,3555,b27f,2edb,d446,c26e,486a,167a,54d6,59ff,721e,0000,29214
Exponent - Got: 00, Expected: e4
4317,4851,e481,2108,754a,3520,f54a,0620,4e2c,11b0,9b93,4a64,59f0,0143,0781,37ce,5221,48c5,3314,2272,aab6,6063,dc63,1d1b,4de1,873a,56b4,6519,6b93,6b84,bc53,a3eb,6c0c,6c08,4
Exponent - Got: d8, Expected: d8
22b8,1cfd,4384,aa03,5b97,fee0,e91d,b78f,8520,f42a,1542,0de8,e9f3,7ee0,441d,b3d5,edf2,8aa9,01fc,a0ff,567e,a152,2c90,d8c9,c538,e6b2,53ff,b698,cff5,bf2a,90d4,c4f5,f42a,f420,10
Exponent - Got: e8, Expected: e8
fee1,4b5c,28ca,d41b,a973,7ee1,6e5c,b580,6eeb,1af6,5d43,2939,9b2b,0cdd,5b84,9a33,b5c7,936c,594a,ed78,b4a2,254b,e3c1,1446,bbee,d119,a0fb,f57a,9c10,5128,218a,4149,f57a,f578,2
Exponent - Got: ea, Expected: ea
8723,f2ed,c048,bdc8,f0b3,b592,4479,52b1,b854,4024,a5a4,31ef,1e4c,dd70,1aca,ac7f,5ee7,7d9a,05e1,0faa,0135,4077,a537,b3bd,fd9a,94e1,0588,b983,4830,1aa0,6c95,a10c,f2f8,f2c0,56
Exponent - Got: e5, Expected: e5
c2db,bd9e,e965,97f7,9f18,6226,3762,c78c,4d03,8359,f01f,7e3f,7303,5b25,1ed3,aa2e,22fa,fe3f,e803,1313,51f5,c616,041a,d692,e9bf,a1ac,efef,97f0,20df,5d5e,de64,56d8,72fd,7300,3
Exponent - Got: e6, Expected: e5
b9a1,1092,2433,b6bb,0716,6698,ce55,7c89,2430,0c78,4e60,3afc,ab89,2c9e,0747,fc89,1d30,6d0a,4550,f1da,60b9,6038,b2f8,e19d,891e,218c,86cf,4002,be02,0bfe,7269,accd,71f8,7200,8
Exponent - Got: e4, Expected: e3
ecff,dce6,aedf,1442,02ea,466f,9723,48cd,9b1c,072a,97a4,898b,c458,99d0,c8e3,9fb2,b00d,242d,b525,e30f,3309,c32f,cb69,a2bf,043a,46b2,38bf,770e,c660,1bec,8adb,f70e,ecff,ece0,31
Exponent - Got: d9, Expected: d9
db4c,07fa,e775,51fb,2398,4ddf,0a84,9b91,ace6,2a3f,3fab,7b14,3ce2,221b,949f,0276,aff2,382d,451d,9ed7,ec2a,6972,a520,0e6a,4ef6,1feb,fb14,23e2,e325,39a3,6710,3fde,ec26,0000,27687
Exponent - Got: 00, Expected: d8
23b8,2fff,2460,2628,3064,2104,2a46,0f92,230d,dc0b,d173,4c11,f2c9,ff6c,1b92,9d25,235f,d0d9,1f38,ef06,5558,1ff2,bb4d,cd7b,8621,896d,1f3f,f6c1,7f6c,5e92,32af,530a,f6c2,f6c0,2
Exponent - Got: ed, Expected: ed
5e82,2ebf,d522,5608,eaa4,2671,e27d,74f9,ea50,0d84,b49f,ec36,086e,43fe,f4f9,d750,1cfe,0947,d895,c464,5aec,8959,5e0b,4a77,eb23,2035,8d35,d16f,050d,8c47,329f,0f3a,ec80,ec7e,2
Exponent - Got: d8, Expected: d9
6d40,d79a,b0b5,7e94,1369,870f,edc1,ba5a,2dae,7475,93dd,bfba,0245,2b01,bd17,d3ad,394a,59b8,9d0b,e4f1,ff78,e286,96c3,7f2e,1450,0a78,106c,754c,d2a6,5e83,d6fe,dad3,7585,7580,5
Exponent - Got: eb, Expected: eb
7e53,046f,99a7,6d54,e88e,b8df,606e,0d2e,9ab4,a081,db80,fe37,140b,9ce3,091a,a188,a8cb,655a,9110,9632,5b9e,04a9,fce0,4519,17d3,513c,249e,b157,cff5,712a,3f48,3536,712b,0000,28971
Exponent - Got: 00, Expected: e2
81e1,16a2,a60f,a683,b30e,3be8,259f,7e14,23e8,2daf,ac34,a86c,b23c,2258,1a1c,e728,c0e6,90e7,3006,97e6,3149,9f6b,e095,fe14,cee8,3d75,244f,ddc7,8fbc,dda3,06d8,4cd5,e728,0000,26409
Exponent - Got: 00, Expected: ce
2375,1a73,f487,caae,36bb,4c16,ff0e,e570,acba,1f63,339d,e0ba,45fb,6db0,556b,d701,10ef,7f0e,6e70,beac,c0d1,4310,0f96,1609,f465,6ecd,6350,3396,e871,63e1,9366,43c0,f4f9,f4e0,25
Exponent - Got: e9, Expected: e9
4d8b,7bd0,bb27,fd91,fe2a,4756,0458,1e50,7e6c,ab90,44c7,df8e,87b1,10fe,415f,741d,21b5,0cb6,e72f,3121,3b03,ddb5,734e,0a28,9e3c,ea00,9dd4,5bef,8e98,7385,4222,0a26,7489,7480,9
Exponent - Got: e9, Expected: e9
9066,0cc6,3d5f,28e5,21f4,50b7,e1d6,6f95,060a,9486,5c2f,a157,bbd5,e3e2,e2a5,fc20,03d8,63df,b0d8,dfb9,bc46,febe,7ec3,88fe,b26f,d4cb,a5a2,8069,a729,e027,c827,c877,6f95,0000,28565
Exponent - Got: 00, Expected: df
abaa,987d,460d,e9c1,b652,41be,cebd,f460,5f88,2b37,1ca1,1ad8,2aed,d9f8,9c4b,2db3,7328,5fce,12f1,3c94,4ded,7436,0d5e,9ac4,4cf1,6028,38e8,da99,e96c,dfbe,d781,1a6e,ea1b,ea10,11
Exponent - Got: d4, Expected: d4
cd59,7283,98a6,3e17,adab,f030,29d0,8183,aa40,b914,b766,d388,dc2f,8a57,d683,3fee,4e11,c4cd,0804,cd14,5d8e,f0b5,7c14,a9ec,35bf,fc14,d2ec,c249,4f8d,4a52,6446,370e,7264,7260,4
Exponent - Got: e4, Expected: e4
c723,e66d,ace1,f1f8,221b,489f,83ce,e749,e2c7,50c2,aee3,097e,90ec,44cd,3b04,c472,997a,acc8,5591,717a,1918,c32a,2e2c,d570,14da,3a73,eac7,7ed2,deaf,fed2,b7af,3f00,f176,0000,29047
Exponent - Got: 00, Expected: e2
bfd3,006c,516c,7ece,63b3,03b4,44b3,8efa,9167,5d85,987e,fece,62b3,3ab6,d943,ce31,25ed,e8e6,4cb7,73ee,8489,21c0,3183,e120,eae2,73b7,ca90,f305,43a3,c3e4,b163,a4c1,7431,7420,17
Exponent - Got: e8, Expected: e8
0306,e480,b149,206b,56eb,0a86,ab13,2285,3180,cde3,80b8,31b9,cb9a,768d,3720,514e,5c6c,4fd4,244b,62c3,94c6,426f,d72b,8445,a20d,e809,5599,a972,5ca0,6a19,f68d,a620,6a10,0000,27152
Exponent - Got: 00, Expected: d4
27c6,3009,e629,27a5,daaa,5f9f,50e0,2641,9c4d,0a35,9d61,541b,3e73,7ecf,cdf2,02e9,c4ac,ec25,92bd,5ed8,c265,9aa1,31d4,bcb7,920e,72aa,fecf,66f2,14bf,9956,b7e4,e78b,72aa,7280,42
Exponent - Got: e5, Expected: e5
bde1,6eda,7e87,15ba,0b11,ed47,095d,0e0f,73d3,43f4,1a73,fe87,36ba,8857,a287,9602,47ae,36a1,e48c,8645,2209,300d,c92d,ebff,8de8,1ef3,3a0e,91fa,5459,f2b1,b314,dd72,73a7,7380,39
Exponent - Got: e7, Expected: e7
1d1d,a667,fceb,b1d2,6e31,1aad,4bd8,914f,8dad,9bf6,e541,08cb,481a,160a,5ea6,559b,8df0,7ceb,2ed2,b00f,e8af,1cbe,8f07,5bd9,6b2e,4878,60e8,5a29,e6dd,3050,d430,1f98,6e34,0000,28212
Exponent - Got: 00, Expected: dc
724a,342e,83c6,e341,1ac7,1932,4f80,9b1f,e3e9,9c6e,7ed6,e7ab,0aa4,c9b1,ba62,bb96,7361,5dc7,c8bc,9e2d,7451,12f9,b69c,c8f1,2320,9d66,b3dc,a9bb,a028,df68,fed6,5aab,748b,7480,11
Exponent - Got: e9, Expected: e9
d235,38d1,e0e0,c921,0cf3,082a,84ba,8133,b2f1,e1d4,8b17,95c1,d8aa,2b9b,610c,18ce,617f,9e7d,8c01,2359,bf5f,0de1,41ba,2fb9,5fa6,ea99,c10c,4b8e,6a99,e00c,1ecc,07f1,e11b,e118,3
Exponent - Got: c2, Expected: c2
da55,faa1,0b14,b802,4ff2,c9ed,9b3e,ab88,58df,c1ae,63ad,4a2a,923e,0a9a,460f,3f43,abfd,e5ea,7aa1,1014,1334,6a12,3c46,c1be,57bd,3e52,06ae,db23,6a55,4dc1,d91a,5a28,6ab3,0000,27315
Exponent - Got: 00, Expected: d5
3fb1,378e,e261,59e5,c216,b812,7de2,4d99,5142,4160,fde2,1a99,deec,e851,71c1,4762,036c,146a,08c2,5c53,d62b,a947,e5d5,f35e,2738,0176,44f4,c57d,b1b7,5514,44be,b7b7,f346,f340,6
Exponent - Got: e6, Expected: e6
371f,64b1,4a38,0eac,e9b1,fe22,b35e,71b8,5d5b,c121,a4e3,156a,57c0,356f,70c5,2364,7e22,1e5e,21e2,b321,0e07,cfdb,0884,d995,1366,60c0,3e01,443d,03f5,aab2,8d67,75bd,75be,75bc,2
Exponent - Got: eb, Expected: eb
b15b,d6f9,9314,0132,e5b0,507b,961b,4bf7,a0a0,35e1,43ca,b1cd,0dee,6075,b7f5,11da,b379,9a5f,48ab,12fa,105f,73bf,4698,cc15,22cd,3bc8,f3bf,9f98,5ca7,8fde,c541,548b,e5b0,0000,26033
Exponent - Got: 00, Expected: cb
d116,6534,5afe,c1cb,e288,cd4d,1597,427c,c3f8,907f,469f,29d2,1f01,017f,e8bd,182c,351c,7276,0d12,c188,9a0b,3dff,2244,bb00,f276,b812,a1e2,8421,b369,4e4f,6313,e515,e8bd,e8b8,5
Exponent - Got: d1, Expected: d1
957d,fb17,b321,1607,2deb,bd70,a40a,afc2,561d,8df1,f0aa,9bcb,a83c,9a6c,b258,ef3c,c1e2,8ce1,57b8,7b17,3c21,8019,c159,029b,4e5e,8742,a6cc,e681,2d0c,8256,4ad2,e0c7,f0c2,f0a0,34
Exponent - Got: e1, Expected: e1
37e9,27c6,2e09,ee15,8e89,8bd4,bdc3,4878,a4e8,6da1,0d3a,13a0,3187,a624,5468,ccc0,4159,259b,2510,995a,a0e8,f7a9,da06,3a32,a2c6,d403,c16b,e029,77a9,c506,c10c,458e,ed89,ed80,9
Exponent - Got: db, Expected: db
5f5e,7860,3c90,80e9,fba8,105f,d3bf,15d8,39f3,a340,9a06,deb2,1d8f,4a74,7be0,4b17,4841,e491,e118,5eda,fae7,42d2,22d7,d752,287c,4b2c,58ba,de8b,3df6,ba0d,9839,0349,e492,0000,25747
Exponent - Got: 00, Expected: c9
7d61,b7db,2674,5138,3d9a,fd61,a6db,9f56,93e8,44cf,4986,ee95,ba08,c77c,bff2,f20d,2aa9,82bc,3ab9,268c,99c1,a6b2,157f,ea95,0a00,8414,c61c,5a90,c025,ace5,24fc,41b5,f20e,f200,14
Exponent - Got: e4, Expected: e4
0b1a,478c,d603,2d6f,74f5,0f5c,a042,a782,0c4d,7115,38b7,0f06,c498,7f11,5faf,00d0,62d1,2c54,d30c,47aa,b9a5,2796,b059,dd79,5683,0eee,e173,0871,9221,bb45,5173,ff11,74f6,74e0,22
Exponent - Got: e9, Expected: e9
0cce,ef57,7149,2beb,037c,d47a,d952,4e60,84fc,3ef5,f5c8,ba23,6597,469c,e111,f293,4bb6,fea1,711c,32fe,4b1b,c94d,e99f,e58c,2b47,18d1,00a0,7ea1,801c,801c,e81c,02cc,f5ca,f5c8,2
Exponent - Got: eb, Expected: eb
2385,3682,206f,bdef,3554,083e,f3ae,19c9,4dba,c3a1,0666,8dea,bc71,4349,a58f,9704,2b2a,11fc,92df,5e3a,b006,16e6,894b,9899,2de8,8bb3,b864,0614,5b18,73ae,dac9,b13c,5e3b,0000,24123
Exponent - Got: 00, Expected: bc
225b,56df,07b2,993d,274f,8cc1,9b98,f8af,d89e,78af,bb9e,db69,e29f,349a,b473,9ddb,d220,b784,8feb,6634,8ff8,cce7,8cbe,8227,5ee3,0e9e,6503,0f09,4b57,3801,8e31,c36d,6654,0000,26196
Exponent - Got: 00, Expected: cc
a77f,09f1,4da2,bbb9,528e,fdab,6e90,024d,d709,96e7,f20a,b36e,1188,7dab,0b90,8387,eb40,4a96,8583,a048,bd08,1672,d6de,34f3,145a,def2,5dcf,d6b4,8619,f155,b7f7,f158,f274,f200,116
Exponent - Got: e4, Expected: e4
5c00,46b8,9235,2a51,f445,cced,ba34,ac40,ff18,42e6,1fe3,ad1c,6d46,021c,7f18,ebe6,d9b1,4642,464e,4342,9f44,2d7a,d1a0,5e03,987f,508f,45ee,42e5,4120,67a2,e9ed,6d7e,f445,f440,5
Exponent - Got: e8, Expected: e8
1c90,04a9,48e0,0c71,fe29,4b95,9642,a9ee,813d,717f,cc5d,1a85,ddf0,d64b,0f27,0ef9,e4a4,a06d,ba6d,c659,5195,4276,9172,08d0,7ec1,f07c,9a9c,1ca9,44d0,fe59,21e5,2ce6,7140,0000,28992
Exponent - Got: 00, Expected: e2
dc4a,4572,c978,76ea,2c87,b91e,15ec,56c7,c3aa,9cad,aed4,bc89,97b0,ec9f,4c86,4b9f,48c8,8c59,a101,5603,3c6f,63d7,b2d0,4bb5,0462,f6ea,a387,2b00,e156,a914,9d46,63fc,ec9f,ec90,15
Exponent - Got: d9, Expected: d9
2ae8,40bd,c57c,7df6,948d,84e4,4aed,3138,d35a,367c,8110,b812,55e2,d3c9,ce2e,be32,09ce,b05d,5a7d,e589,7202,d666,be4a,67b6,a0f9,91f8,e2db,e5de,9195,fdf6,598d,4c7e,7202,7200,2
Exponent - Got: e4, Expected: e4
88ea,c57b,3431,9c19,6961,adf3,d868,c1d8,f05b,8f7b,40a5,4f64,d2fa,8ddf,8f04,531a,0d3c,f026,b446,84ae,4627,7d6b,1d51,dd2b,2251,9a55,4a21,6cf5,f36c,3f8a,af75,fd6b,f372,f360,18
Exponent - Got: e6, Expected: e6
d617,987b,918b,e468,57a0,a30f,ad89,0c92,2c0b,9493,a37a,eebc,1c61,f419,0bb1,13e6,8641,ff0d,53b3,c3d4,4f53,7f0d,88b3,f362,8c04,a61c,2850,2a00,3054,9d34,6d0e,3454,f452,f400,82
Exponent - Got: e8, Expected: e8
0144,9446,4eee,17f3,591c,04ae,3727,3e89,8ab4,f2a1,eb04,37d2,c53d,4ff7,28a8,b8f9,7dc8,8333,b6f5,9cd8,b9e1,38d2,9623,1bcf,6238,98fc,36cd,31e0,4583,fdc8,f033,d913,f2a7,f280,39
Exponent - Got: e5, Expected: e5
9d71,640b,3e03,62bf,ddba,0081,86c0,0fcd,0c92,4a0b,285f,97cf,0320,f126,c944,35d6,e43d,94b5,c4dc,4055,d595,677e,4230,dcb4,dc0d,1cf5,4d8c,8417,1cdf,7126,6444,0b8c,6780,6770,16
Exponent - Got: ce, Expected: cf
6fe9,3376,0090,4891,e240,3184,50e7,7586,e0ed,206c,ff2c,a1d2,aa11,7f05,a8bb,732a,c14c,c7ce,39c1,81f2,ae71,ad6d,cd77,252d,7627,930b,dced,8414,7e1c,d3e0,6847,d757,766d,7668,5
Exponent - Got: ec, Expected: ec
6280,ca45,be91,05ac,80a7,4466,c76e,6b60,0bb6,0821,9471,8919,584b,743b,7213,7e37,cf0b,5055,fdb5,6d0e,0054,9954,5366,da40,c7f4,017b,fdb9,7202,a466,0aae,713b,4f19,744f,7440,15
Exponent - Got: e8, Expected: e8
849f,da56,4e62,2e7e,b5a2,f449,13e1,f386,0fe1,33be,0259,861d,4851,4481,2e48,9c14,242c,1764,c44a,6342,d704,59aa,c199,125a,56fe,05d3,cf18,7486,cfef,9bb0,2887,0116,6342,0000,25410
Exponent - Got: 00, Expected: c6
f6de,56b3,acde,da07,1e73,768f,65a2,05e9,6da2,45f9,4b32,1d24,761e,bb72,d684,8429,d361,4087,d3c6,4fe1,073e,06b0,1ebd,c9c0,2253,22d7,5952,9360,8646,1aca,1a7f,978b,6da2,6da0,2
Exponent - Got: db, Expected: db
5b4f,6e39,20a5,5da4,9a1f,5aeb,ec9e,9ac7,0632,aebe,e663,f36f,ab49,8a5f,7c8b,1ab2,8807,d0d7,86b6,383b,fc8b,01b2,6131,4db3,bbe8,a49f,5a16,4d22,3138,855a,24d0,ce99,f36f,f368,7
Exponent - Got: e6, Expected: e6
857b,42b1,4e74,c5e8,2863,3af3,1c46,adfe,0f25,867b,4bb7,e2e0,4b25,04f3,7e3a,ba46,eab2,d5e7,578c,0223,16e7,870a,d084,6c25,63bd,fe3a,ab46,cb90,2a07,3793,733c,ceda,733c,7300,60
Exponent - Got: e6, Expected: e6
3a30,3a44,d130,d292,a1b7,5d34,348e,2567,c0ed,ba2c,6c58,e880,a551,1c5b,1ea3,505e,477e,3470,e618,3dd4,feaf,5e92,7eaf,6d92,6bc9,495e,4c4c,93d4,63f3,ddf4,3f4f,3ef1,6db9,0000,28089
Exponent - Got: 00, Expected: db
0e19,c845,3c95,d5ac,4507,a84d,5a5d,d1a9,044a,a2c2,a907,1795,5afa,0ccf,c316,5b10,c5a6,2dad,68b6,25e7,fc6c,6694,2959,394b,09f9,2baa,e17d,2bff,3668,b404,7c6c,8994,68bf,0000,26815
Exponent - Got: 00, Expected: d1
208a,b04b,91eb,0a08,8c1c,5604,71a8,294b,19d9,c5aa,7ca1,4818,2888,50d9,4038,c0b8,9139,945b,9db3,e248,438c,160b,14e7,430e,5208,c2ac,5e29,86d5,1c98,fca1,5d18,c1a2,71a8,7180,40
Exponent - Got: e3, Expected: e3
1aff,3b0a,e7fc,c333,a875,b465,f24d,9ae9,0f9c,a283,6306,1a40,0874,8f64,3f7a,fd84,bb7f,c1c9,5a0a,b43e,34d6,f13f,451d,94d7,283e,19ee,c05d,e49d,4814,7d84,ba7f,8ccb,f27d,f200,125
Exponent - Got: e4, Expected: e4
6674,37b8,b9d7,4f64,a0fa,7b3b,5d0d,faf7,1ec2,aa7f,eeeb,89f6,5d65,909f,fa7e,1c0a,14b2,901b,9bfb,c60c,cc80,b719,9037,2cd7,714e,422c,4fa8,9737,81d9,929a,6b3f,0e29,7147,7140,7
Exponent - Got: e2, Expected: e2
5e03,067f,8db3,6068,eca8,2971,3363,51c5,2626,13ea,3f4d,5e73,5e0f,e773,fe7d,1ac1,4eb4,8329,0c6f,8db7,c96c,01fe,7e7d,83c1,3c86,b37f,59d9,092a,39b8,c9cb,0898,3289,eca8,0000,27817
Exponent - Got: 00, Expected: d9
6909,7d9b,efa0,e87f,026f,31ab,8108,c00a,950a,f0a0,4d41,fd9b,1ea0,2a9d,cd88,4a13,9647,0aab,c47e,9876,46c6,59cb,81b8,62bb,08be,e52f,3925,1417,a1ff,8d7c,db66,9f50,f0c8,0000,28873
Exponent - Got: 00, Expected: e1
1ffb,7f04,3efa,6607,e70b,0405,4b4d,5c9b,10e2,9643,abaf,4538,e5b2,40f9,5c38,5080,4a21,58f5,ff04,4bfa,e1ed,c56e,3f64,f41a,2f72,d9ac,251f,0095,c7d4,b55b,50f1,3010,f41a,f400,26
Exponent - Got: e8, Expected: e8
b15b,38f9,e0c8,8f09,4657,051b,1dd1,27aa,4565,f0af,f28e,5ceb,8a92,a507,a18d,7d8e,8cf5,1aac,d599,0872,48e2,c8f3,8fa2,983d,d04d,8aad,c4f8,d171,1c93,b26a,fd8e,55f5,f299,f280,25
Exponent - Got: e5, Expected: e5
ea74,92a0,5d85,1a7e,2fca,2b15,5203,b467,3acf,057a,05f0,e9fb,56e8,1045,f925,b597,393c,e04e,de0e,3432,6eda,0487,194e,6cfc,7925,0a97,e542,a808,3158,ab3a,6eec,8131,6f6b,6f50,27
Exponent - Got: de, Expected: de
826d,1e29,c255,3a91,26a4,c1e9,662a,2066,f9a6,51d5,ac36,50ee,8dcf,4714,489a,d88b,53fa,79dd,506e,2f4e,3290,64f5,ab7c,d92a,3018,6478,54b0,4219,dcdd,8c24,f03c,f8dc,f03c,f038,4
Exponent - Got: e0, Expected: e0
c4ab,fbe2,4e95,5548,7be2,0d95,42ce,b5cb,6a60,62b4,2b71,2967,e4f5,047c,8774,dd7a,6a40,1c94,67ad,2c22,32fa,aa1f,168b,1e66,59da,65e9,ab62,b0b4,ccd5,ea0c,d0d8,ad79,6a8d,0000,27277
Exponent - Got: 00, Expected: d5
d9e7,c794,6b1b,210d,740f,9b27,a9d1,e0c2,8583,a848,3b18,316e,908c,c6ad,4a60,44f4,0b7d,5c2b,b653,bbff,5b48,8bfe,7d69,d5d3,e8b8,fd69,64d3,6cda,d883,e1f2,06b1,24fc,740f,740c,3
Exponent - Got: e8, Expected: e8
2232,e2f6,aab3,df26,1918,5b2a,fd1c,0be6,2271,2875,8f65,c93b,c869,01b9,29fa,8529,ca63,0337,d6f1,7d1c,30e6,4b07,2a51,9045,7025,2785,4e8a,a897,1806,1bb6,6401,7089,70dc,0000,28892
Exponent - Got: 00, Expected: e1
c9c0,a653,63df,36d8,2eb5,b7a8,08c7,8516,a19c,23df,ca58,11cc,c2ef,52aa,4c8f,0bd6,8c41,ff19,62a7,1da2,7f19,e3a7,5fa0,811f,1bdd,caaa,d7bf,27d0,139f,0278,967c,ec50,ec50,0000,27729
Exponent - Got: 00, Expected: d8
40cf,cd8e,a395,9392,5435,09dd,ca8e,c89b,2fca,4f15,cacb,c59e,4f95,804a,b9ca,0e39,be65,bc59,2961,0f73,f9ad,7b1e,7868,1c98,dca1,8b58,de4e,0c72,26ea,2427,b1af,fb0c,5435,0000,21557
Exponent - Got: 00, Expected: a8
3b5c,c62a,d726,5308,03ae,ca29,01fd,b2be,005b,2e9b,c806,4216,6d12,3148,892a,00b8,c0b9,e378,9abe,280b,649b,9292,f937,b905,7937,1205,8f61,443f,8177,9bb5,63c2,5785,6d12,6d00,18
Exponent - Got: da, Expected: da
e592,62d9,065c,6350,9d96,172d,1a43,cab7,e0e2,ada3,7c38,22c0,e685,b808,8378,067e,fbf2,b285,04a0,baa9,af9c,3fc3,fb7c,598a,edb9,3c22,b8da,b72b,ac85,669c,9d51,c02b,edb9,0000,28090
Exponent - Got: 00, Expected: db
0848,2a58,160c,ab20,0676,0ffa,1f65,4a1b,184f,fbbf,1b88,7bbf,8e88,bd95,bbae,cb59,408f,0fce,ba51,0365,1823,bad3,1f66,b4d8,5bb1,3946,eab4,f061,07c1,058e,0405,c54d,f061,f000,97
Exponent - Got: e0, Expected: e0
bd7a,dc80,d939,50cb,10aa,aa0b,cf9f,c7c0,6e4f,4b53,8f05,355b,6df1,4d6a,4170,39f2,2f01,991f,43ed,f82a,cd5a,9840,ad70,782a,0c5a,9cc2,2f7b,97e5,b98a,a079,1379,971f,6ea4,6ea0,4
Exponent - Got: dd, Expected: dd
eb36,9960,7e52,402e,112e,cc8c,2215,f311,2ab7,5522,e508,bac2,6d37,142d,5545,0aaf,957a,32d0,aeb5,30a8,1ac9,92bc,e699,2314,fe52,cb2e,2938,216a,83a8,12af,414a,df48,f311,f300,17
Exponent - Got: e6, Expected: e6
d14d,9daf,7b54,a8a2,3b73,19c5,acb6,a06f,deef,1292,4a37,4363,1525,464f,8d03,16d9,1cb4,cb8d,5d5a,c160,30e2,3e03,92bf,c85a,574a,8b64,d172,8250,fb54,17a2,ed0d,e397,ed0d,0000,27918
Exponent - Got: 00, Expected: da
be16,12ea,6e4f,5353,eb35,d3a3,4ec4,d359,9ebf,ea42,8d16,d98c,313f,149d,b3f4,5193,17f0,f1df,d5fc,3d57,5eed,d310,feb6,40cb,568a,e8a7,7eb6,cdcb,6690,4e5d,6181,eb02,f1dd,0000,29150
Exponent - Got: 00, Expected: e3
d009,9de9,5892,94a3,c54a,0040,6c40,0098,8299,c1dc,fd5f,e365,55e3,8788,6687,878a,6a05,b791,ecbe,06e7,692a,3b78,3b0e,2cf8,28a1,4cb0,1829,a659,6755,40db,a29a,7d5f,ec31,0000,27698
Exponent - Got: 00, Expected: d8
d80e,9e3e,de82,efbf,d7a0,800f,9ecf,5232,8816,c086,1e87,9d7a,ccc0,0959,ff0b,8e35,7069,70c9,c068,93e8,9ecf,2432,4efa,8ee7,f63a,bb56,7da0,6f5b,3d45,887f,c0af,7eee,f63a,f638,2
Exponent - Got: ec, Expected: ec
fc89,a130,8672,3bfe,f409,efa1,4e3e,3722,59cc,307f,bddf,f164,4786,7c89,1630,661c,01d0,87d3,e81c,30cc,a7ad,4ba2,33b5,1492,2e3b,e0a7,3ca6,f35f,db79,328f,0b2a,63bc,f445,f442,3
Exponent - Got: e8, Expected: e8
0a3a,2eae,f373,8a55,5c01,60f9,a878,9128,3a0a,3afe,e50b,8e01,495d,808f,ce4e,4e52,5e4e,0772,a7fc,27b3,533c,b49a,7373,5955,e6a7,66aa,4ae7,85b2,b639,1715,da7b,c90f,e4e5,0000,25830
Exponent - Got: 00, Expected: c9
1978,fd4a,d230,b794,f3fb,16dc,1bf1,0586,8e0d,3c51,9c69,9d11,366b,9ec7,b23a,cbde,61c9,7d4a,5f30,a98e,cd5d,1987,2874,bf24,2f5a,9384,9da3,3258,843c,0e34,2128,416a,f3fb,f3f8,3
Exponent - Got: e7, Expected: e7
6503,3b09,7d3f,2205,6b01,d997,cde4,097f,4aad,9978,0c4a,a2d2,a517,cb9d,994a,0cf8,2ae1,acf4,10ad,b1cc,cbaf,dff8,5c47,fd3f,ef05,459b,add0,d88b,e5fa,9eb1,e3cc,4b0b,ef04,0000,28421
Exponent - Got: 00, Expected: de
517e,905c,fc7c,9c84,92bd,ccd8,4341,5787,70e8,1009,2469,be61,7d5d,08e7,bd36,15cc,1ce7,fd1e,2764,962a,db86,c9b1,4a62,2e76,27aa,2965,c277,5033,f253,c577,e13d,ebbf,f236,f240,10
Exponent - Got: e4, Expected: e4
e07e,963e,9092,2533,6bb9,792e,125c,6f78,a3a6,a561,ca6b,653f,9435,4c5d,0f85,a2da,8f1f,abc1,28d6,6f07,5219,06fd,3fb0,8bcf,1b18,f92e,235c,ca1a,990e,c3bc,b53b,b091,6fc0,6fb8,8
Exponent - Got: df, Expected: df
2e0f,6d93,5d88,dd33,a849,e159,5cdb,12a2,aa07,c293,23d6,2211,1815,8165,6527,602d,89ad,b7fe,fd11,ecab,89b2,ae21,df3d,35c3,7d68,0392,6715,ea9b,e18e,45cd,9406,fcae,6d4c,0000,27980
Exponent - Got: 00, Expected: da
c423,7d6b,eb51,9ec7,623a,867e,8cf2,fd6b,2051,9651,c93d,e1ef,d3ec,174b,3da5,9e9e,b223,1987,4a74,1be0,63d7,36d0,ecbd,b624,5248,e4ec,6c25,c9bd,ab6e,6bb8,0f6f,6eb1,6eac,0000,28332
Exponent - Got: 00, Expected: dd
a850,e100,86c2,dd4f,db35,7dc3,a3f8,eabf,eeaa,47f7,6ab8,326d,9949,2c3b,60a3,4ea2,02bf,3f7a,0584,ce8f,c8d2,fdc3,86f8,cbf5,0922,c1b0,b033,b393,cc34,b4ac,0ac5,1d90,eeaa,0000,28331
Exponent - Got: 00, Expected: dd
78c0,6231,60b5,6b34,a6e2,972f,8dc1,549a,0cb3,9c6a,fbd2,50a5,3544,9c2e,dc96,dcaf,a4d6,881f,10cf,c12e,df2c,e192,e6d1,895c,b94e,87bc,e7b3,38bc,03cd,e28a,7bcf,e2f8,6b32,0000,27442
Exponent - Got: 00, Expected: d6
5706,5828,dc98,eb21,06b7,7b7a,d70c,dfa2,d69d,6470,cab8,2b2d,843b,2bf3,8f64,fb7a,380c,437c,a4fa,3d33,a589,d482,d7ab,eec4,9219,717d,02df,1b1a,c7ac,2323,d5a5,954e,7177,7170,7
Exponent - Got: e2, Expected: e2
ceed,2a30,6464,5bac,061b,6cd7,41ce,3acd,4ff8,ff67,3f59,7f67,b459,5f71,2b8f,c018,0398,079f,a250,c514,4d9e,d885,5a74,85c0,a6cb,5d46,8e7c,0260,5864,d7d4,017b,8db9,6cd7,0000,27863
Exponent - Got: 00, Expected: d9
baa7,d612,3d3e,eac4,c011,21d1,a1d2,dc11,5be9,251e,d6d4,e679,6df5,ea6e,7e3a,aa46,4a92,be87,fe3a,bb46,29b0,07e3,ed2c,81f6,ef75,c5eb,94a0,6989,371a,5bf4,b843,4ff3,ef62,0000,28515
Exponent - Got: 00, Expected: de
7897,cda6,43bd,087a,80ea,9d6b,d691,8f7c,8762,58ec,915d,cf3f,3961,e353,8855,4005,e1c5,a346,db80,8a37,34e3,264a,b686,406b,3e2b,f897,46a6,afab,b634,a858,af08,8c56,e36c,0000,25453
Exponent - Got: 00, Expected: c6
1382,af25,9b3b,a8cd,58dc,bf6d,eb53,9445,da2d,e8d9,a148,960a,1fa6,9e19,7f65,d6db,a9b6,ff65,11db,0538,ab32,14e4,c5cd,c906,9f14,a52a,58e0,6a51,aac5,b8d0,aba1,72b6,72b6,0000,29366
Exponent - Got: 00, Expected: e5
e088,0b49,b31f,3db9,1582,1b29,0b5f,0289,36cc,c5a1,8c6a,edf2,fea9,4914,2c86,1b5f,7ea9,a814,5644,83e8,28ef,8d7e,3de4,489f,9bce,9979,5e0b,7277,d553,c439,9bf1,6e86,7278,0000,29304
Exponent - Got: 00, Expected: e4
35b6,565d,15b1,2dda,c301,70c7,bbe6,6f11,cb8f,abd8,8a8f,005a,98da,856b,b6a1,6d8c,a857,5ec7,03ba,6b3d,90ab,7f4a,1b34,7002,d462,ff4a,0c34,bb2c,4b5a,f54c,53a6,6a81,f54b,f540,11
Exponent - Got: ea, Expected: ea
d773,e81d,e08d,a40c,9844,bc74,c00c,ca8c,5819,aee9,d9f4,c947,7715,c4bb,13f2,9155,5737,6c59,9cc1,c3b8,b43f,5c97,bdee,f715,49bb,1fe8,25d7,365c,ed30,64ea,a2a3,cf26,ecf4,ed00,12
Exponent - Got: da, Expected: d9
0386,7e01,8ebd,52e0,6045,ddc5,4f3e,ae20,8f7c,0762,f3ec,2d0b,3991,23a2,b965,df57,9729,ce47,e81b,0b0b,c1dd,8d1e,e984,6557,2c5d,3b45,d473,4f1b,2545,704f,576f,fe01,f3ea,f3e0,10
Exponent - Got: e7, Expected: e7
aafe,d62b,d347,e721,26af,2522,ebe8,783f,d90f,5d7d,2e87,271a,b5d4,5fbf,26c0,c68d,a640,970c,ad22,5cf8,1641,802d,a46d,0865,4d35,d2ef,1a8a,f83f,b80f,d2bf,4eda,20c7,ebe8,0000,27625
Exponent - Got: 00, Expected: d7
7f14,38ea,041b,bad3,1966,64d4,691d,108f,336e,fc88,3b71,b347,33e1,f3c6,21a1,a9a2,2871,7e61,6add,ff48,a8b6,4467,672f,4621,5aed,2718,eb56,b100,e262,5b26,7410,c8f8,7334,7300,52
Exponent - Got: e6, Expected: e6
874d,1303,01e5,eca6,a2ff,107a,56da,90f7,de16,c42a,e722,b66c,8c00,e118,94da,1973,6781,010e,328c,fde9,cc52,3f4a,1fb4,828b,bf4e,01b0,35b3,4918,718a,7de9,3f52,d1ac,718a,7180,10
Exponent - Got: e3, Expected: e3
e5b1,763a,8456,18de,ad6f,2ff5,42ea,c4ef,58a6,a397,1310,c336,9d30,580a,f63a,9f56,5fe8,a757,bbd9,c8ee,c6ff,b2b2,b957,45e5,ec2e,9276,22d2,e017,0617,41db,9b98,a2af,ec2e,ec20,14
Exponent - Got: d8, Expected: d8
1169,630b,150d,0e67,efbb,a0a4,e0e5,3a64,6310,9dd6,ef6d,45f3,e9b8,126b,bc8f,0436,bfbe,0741,4d0f,ba55,e061,51e1,dd02,7a38,8ecc,30d1,ecf0,6729,2fa7,fa38,85cc,f1c7,f1da,f1d8,2
Exponent - Got: e3, Expected: e3
0591,e5da,3c91,c4a8,bf21,941f,82f7,f632,895e,47cc,b643,edef,6df4,1c2f,a5d7,375c,7632,b05e,6abe,19eb,5718,6db6,3aed,bdd8,dea3,69de,128d,1fe8,d7d7,33b8,afdf,cb40,6dbf,6dbc,3
Exponent - Got: db, Expected: db
234b,41cd,580e,6f3e,c660,d5ec,3147,6ae5,2f70,392e,14dc,47f5,c43a,2f32,0bec,34fb,c252,c956,a144,b706,8be8,d4ff,9896,b827,2c97,110e,16ac,3781,fbae,1bd9,7bae,52d9,6f3e,0000,28478
Exponent - Got: 00, Expected: de
07a3,db6c,1dda,8961,c033,b173,68d1,fc40,6bb8,d96f,d11d,3fff,7c40,0ab8,4cad,1b74,a842,3d92,4769,d5a7,05cc,b0c7,ba66,4e92,ee8f,2c92,ac4b,19d3,b320,3e46,a7ba,f275,f276,f270,6
Exponent - Got: e4, Expected: e4
267f,23f3,8f74,5b6a,2b5c,5c0a,7232,0856,89c6,8355,ff13,a22d,6029,80a9,f5e8,e803,7f13,692d,c0bf,dcfe,e4c7,6cce,1997,7264,3380,a9e7,2f74,202a,a4ea,e523,3429,4601,f5e5,f5e8,3
Exponent - Got: eb, Expected: eb
6364,a4a2,0b6b,47bd,fc72,ab0a,88dc,fccd,9c74,624c,6188,214b,07c9,b786,1369,bd0f,a7b5,9fba,da05,b8f1,71c0,7d23,a119,ea1b,a70f,0781,35ce,6225,2ba1,a3b6,1f71,c70f,71c0,7180,64
Exponent - Got: e3, Expected: e3
66f1,467c,09f0,21e3,e360,baa6,c653,bb1f,1fa9,97d6,8379,423f,337b,9ddd,19a6,2c15,5b0d,88fb,672a,c964,c7f6,67f9,e776,7f38,53c6,cce1,ff38,74c6,f5af,1f84,70bb,149a,f57b,f570,11
Exponent - Got: ea, Expected: ea
3ab7,8702,968c,fea1,1d1c,8226,b4a2,954b,7ea1,181c,512c,088e,a31f,0f99,e3c6,2181,3d82,b179,5c5b,cc23,737b,895d,5b0f,5479,4291,f054,ceb4,8a29,b37d,f55b,c671,8fbd,f54c,f548,4
Exponent - Got: ea, Expected: ea
