2aab,363e,abd2,e605,8089,67c8,e907,6115,2297,d112,4830,c2a0,1f25,525b,503f,755f,1675,7f19,65a7,5aac,ff19,4aa7,b5f2,bc19,0321,8f67,5db9,ed42,ba18,2b6c,e43a,e972,755f,7550,15
Exponent - Got: ea, Expected: ea
c012,c712,d41c,ceb4,2829,9c39,1141,cd23,6679,92f5,0a90,8285,40c0,3c41,3879,0049,1409,a861,ff71,0ecf,4f12,190c,043e,f1b6,cfd5,e50a,3e40,983c,c20c,7488,a861,7f71,7485,7480,5
Exponent - Got: e9, Expected: e9
f351,e8f7,a4e6,e62f,8823,adf3,dc68,8fd0,b0cf,c86e,da7e,e04a,0b0a,839c,e39b,da9c,a629,db25,3bd3,ab64,1532,cd98,be03,73bf,da98,f32d,1f8b,9374,e752,221c,3d58,1d22,e90b,e8c0,75
Exponent - Got: d1, Expected: d2
eef7,0aea,ca7f,b02b,438b,1fcc,aef3,8d6e,05f4,d2ff,049a,9a13,f9e7,99d4,9be7,4d10,298a,9959,862b,79e7,90d4,ccf5,502c,138c,2eab,1036,8f96,5109,b5eb,5040,ace0,83b9,eef7,eec0,55
Exponent - Got: dd, Expected: dd
9b45,2333,8bb5,0be2,eb75,05e3,0d28,5b32,1504,6c2e,1176,ded4,c069,a5a9,08a2,c833,3163,f9c1,1072,90d2,1573,c399,005e,cfde,79c1,4d72,ed68,90b2,6713,3f1d,ba23,2597,ed4c,0000,27981
Exponent - Got: 00, Expected: da
5ecb,52b6,a193,3810,2460,e228,b7ec,2d83,3518,9d72,2ac8,549d,5574,cede,66c3,00ce,854f,2985,4e96,c58b,ccc0,f559,14f3,7e1a,4666,c36a,886c,f47c,9a94,e8a1,9530,fe1a,f58c,f58a,2
Exponent - Got: eb, Expected: eb
b1b8,92db,873e,1bb0,6587,d08c,1c2d,8f55,810b,cec9,df14,37aa,6f45,80db,8f1a,8884,5a95,6b60,0fb6,d629,13c5,b4a2,454b,fb01,b8b7,1a06,bbb2,0245,7b01,a3b7,c930,02a2,6f46,6f00,70
Exponent - Got: de, Expected: de
f753,867d,1e31,2e4d,2551,c35b,821d,8459,0111,7753,d37d,e59b,c290,3d15,e02f,122f,51cb,8da8,54b3,88da,d74b,2e25,0539,c973,2021,9821,d151,6cb3,56aa,1487,bf6e,4d90,6cb3,6ca0,19
Exponent - Got: d9, Expected: d9
d98d,637e,b838,3d48,7732,3b5c,022a,bcae,8c57,c28f,92ca,f76f,eb41,b6d7,dc7a,cd42,3658,9e34,4608,a284,26c1,10cc,abed,d1fa,ccd9,2f00,935e,39f8,158b,2360,6926,7674,eb37,eb00,55
Exponent - Got: d6, Expected: d6
767c,f390,9077,aa97,ae02,31de,3e3d,e701,d08f,deee,62d3,eed6,9e8b,7f76,1008,9c28,3310,ff76,6108,efca,f695,6638,4cf4,4d6d,40b7,f3f6,b991,84a2,012b,b5e9,d4c2,d7eb,f569,f560,9
Exponent - Got: ea, Expected: ea
9cbf,a446,928e,6e2b,8837,ace7,227e,efba,7ce5,af5c,1902,19b0,7183,49a0,3333,dd95,d56e,af44,151a,85b0,cebb,15e6,8e4d,2811,2001,5201,fce5,5e5c,9be0,16d7,a33a,ecfc,7171,7180,15
Exponent - Got: e3, Expected: e2
36b4,7dd9,8762,d0ec,744d,c7e5,712a,d348,4cee,05f7,243c,4b74,a2e2,2b27,96b1,dfdc,1963,1d91,fdea,ac91,3188,a9eb,3c78,0400,7c08,e8f0,9721,4e4f,0313,99d5,29a6,da75,7450,7448,8
Exponent - Got: e8, Expected: e8
9e8d,1ef0,16cd,17a0,8d8f,2f54,c20a,c50e,d104,afa6,d779,0e97,314a,0ba8,43bf,6cf8,5221,00c5,8184,8987,f954,4ba6,30b1,b690,edfd,5166,0844,7954,52a6,2f83,c11c,919e,edbf,ed80,63
Exponent - Got: db, Expected: db
5989,617a,2d38,5562,1b48,137e,fcd8,9f21,ce5f,9203,63e7,f0e0,d501,10eb,0e0a,ba96,0a63,22b7,3332,f3d4,c333,9a75,6201,e685,f008,b9e8,5c9b,2ae2,3a37,cd83,7cd8,cc21,f3d9,f3d4,5
Exponent - Got: e7, Expected: e7
d89f,14ee,9d47,0dbd,fce6,7c9f,91a6,e905,e397,a190,aad3,bd46,b1bc,95df,1f34,fc0a,1d72,21c8,e38b,7c8c,4375,e6b3,3fbe,5841,e6b1,333c,565a,ba76,0a82,ac17,ea8f,4a9a,eaa1,0000,27298
Exponent - Got: 00, Expected: d5
991f,99ed,a59e,0d55,2e0f,ad93,3008,ea68,29bc,2eef,6172,1730,531e,6c38,7ce0,4a19,96cd,12a0,dc85,6e7c,fda0,a85b,2dcb,7d50,61aa,29e9,d9fa,86c9,5d84,463f,2573,59f9,6e83,0000,28291
Exponent - Got: 00, Expected: dd
3b10,3d66,269c,51d1,6732,637c,70ba,b4db,5972,2340,c906,bf14,876a,4ce4,817d,ad3f,05a5,12ee,714b,0969,b33b,8e9d,84c0,87c9,6486,35cf,bc64,8e1c,ca00,f194,9577,439d,6737,6720,23
Exponent - Got: ce, Expected: ce
df71,588f,17fe,5e51,a4ad,1ea4,e999,560a,5826,d116,5734,e89a,27cb,1544,846e,6ee6,99bb,2848,3618,8e74,f868,5f98,8727,05e9,0fa2,0d3d,0a67,b1b3,3c10,7868,0e98,a485,6ee6,6ee0,6
Exponent - Got: dd, Expected: dd
07c5,b28a,bf6f,8bd1,3c86,7d7f,0e45,7d19,9ba3,4c54,fdcc,8737,b3f9,aade,2e0b,d897,14e6,ad4f,23d5,9ed2,1d6f,9e95,cae8,eb7d,61eb,43e8,356f,2ac5,1bd0,23e7,8e60,e57c,eb7d,0000,27518
Exponent - Got: 00, Expected: d6
aa49,a75d,4953,4901,7dd3,73e8,1f0f,0cf1,82a8,d1ad,3b4e,32b8,98dd,d0ac,f20d,46a9,6c64,e7bc,1d73,3789,dba6,2b91,b786,c969,48bb,1aea,265f,fdd3,9ee8,49d5,4c06,5b1e,73d6,73d0,6
Exponent - Got: e7, Expected: e7
180e,cbbe,9ba9,f8de,d8af,78de,6baf,1cb8,da81,9374,e352,1214,3b30,9d46,5bfc,2a4b,14df,3336,8ed0,2fcd,d2d2,c7f7,b7b8,2ad7,db42,3a74,8700,660e,ab42,9494,5ebd,3540,6baf,0000,27567
Exponent - Got: 00, Expected: d7
3af8,c88d,905c,cc7c,6ce4,e93d,57af,48c0,bc51,ad69,1273,5897,e7e6,2fa9,b9b6,f745,a5eb,8660,eb6c,3fba,7745,c6eb,b1a6,e545,dbcf,adb8,c0e3,c1a2,1ca1,20d8,2a99,868c,6cc5,6cc0,5
Exponent - Got: d9, Expected: d9
b95f,dbed,d71a,4a34,9da0,709b,46ba,36b7,7d1a,5760,a3ce,9d09,3673,0cdf,e706,3348,ef2e,5570,63da,e39d,fd1a,c060,f1e0,ec03,531b,317d,e25f,c05b,e51b,d211,f1f5,2556,f25a,f240,26
Exponent - Got: e4, Expected: e4
cf99,0e46,5dda,67e1,4b6e,b878,6508,09c2,fd51,5aeb,369e,8d73,aea9,21b4,72f7,0dd2,1549,df23,265d,7d51,47eb,6ba4,4c73,d02b,dd4b,9431,7159,21fb,1378,135e,bcf8,e981,7309,7300,9
Exponent - Got: e6, Expected: e6
c37a,ac7c,ba24,2c50,c808,db98,1c2f,29d7,1444,336c,da0a,2f3e,64e0,6e29,fab5,0e00,621c,51d8,9d7b,1c81,26f8,5cb5,e34c,d18a,9aa9,c7dc,9353,7ab5,0100,2102,adc0,969b,6e29,0000,28201
Exponent - Got: 00, Expected: dc
634a,210c,dc4e,7e76,490a,4718,1396,9c31,e349,c6cf,7e82,96ff,2212,ead6,8883,c152,f050,87b0,3abf,8f0a,7294,e971,9ce3,891a,1c88,86b1,c3fc,a37b,fefd,2040,c000,3380,728d,7280,13
Exponent - Got: e5, Expected: e5
3f7a,6984,a857,9ac7,b432,b1da,ee39,91a5,6dc6,b89d,7eac,2151,8753,729d,6138,3bfa,f10d,05af,e464,feac,e651,2fdd,98c2,7173,a751,6e5f,6f43,695d,8ccf,6e16,c74a,bc44,72ac,7280,44
Exponent - Got: e5, Expected: e5
6ff7,28e8,9eb9,a3c4,9d83,a878,fd28,66d2,b89f,502e,4d0e,d414,9ebc,4281,0644,6b48,419e,5e9d,0160,4962,3970,5502,7d28,2fd2,610d,028f,ab4a,329c,0df9,57a2,258d,5686,6ff7,0000,28663
Exponent - Got: 00, Expected: df
97b4,639b,3f9c,e8e3,63f2,67b5,563a,4416,5b1e,de28,b794,5ffb,3b84,3ef3,604e,330e,fae8,171d,0273,90b7,2c56,198e,ae3d,e821,0db1,d7ea,b6c5,7ae8,da1d,cee9,a134,9d76,e903,0000,26884
Exponent - Got: 00, Expected: d2
4f27,dc79,2b81,2f96,5c49,6ab1,1024,0704,440a,b202,f9e6,e395,3f12,adec,ddb7,95cc,1fe7,a618,6154,c096,5897,79e6,2a95,2b80,03d7,a810,8740,344e,31a6,0645,5909,cbfb,6ab1,0000,27313
Exponent - Got: 00, Expected: d5
fcac,0855,a105,af07,1999,0dea,bb71,0247,b383,8e24,3a38,e44c,1684,85a9,e2e2,65a7,7cac,e355,65d3,51d8,737b,cb5d,2d8b,b310,7076,4d16,1e0c,2f30,0b6e,d8f8,4349,a38f,737f,7378,7
Exponent - Got: e6, Expected: e6
ff0a,4074,65f4,b43f,d897,b2e6,9e03,6bff,8ee8,95f5,739e,08f9,70a8,9e49,9935,d947,a335,3733,c19d,d35e,3978,7f0a,0f74,da6a,c55e,1554,1a7e,a9ca,0619,ee55,c4c9,0700,73a1,7380,33
Exponent - Got: e7, Expected: e7
81fe,2b7d,426b,042f,17e7,f208,d7ec,3d43,65f9,0972,65e0,af2b,1cb5,09cc,cedf,ec82,c9db,6888,fc59,e1e1,3862,b092,5173,8911,0443,988b,997a,b2c8,afad,b5b2,7c59,cee1,f208,f200,8
Exponent - Got: e4, Expected: e4
6ca8,0271,2e35,3b29,e91f,c10d,33cf,0c68,c070,29f0,51a3,d9c0,3273,34d7,117e,78dc,b92d,0d1f,a4c5,18cc,e7fd,9772,f8dc,e82d,e0bd,b63c,e450,e598,4e53,0e0f,59d3,afa0,6ca6,6c80,38
Exponent - Got: d9, Expected: d9
eef7,20ea,562b,2847,8fd7,2308,674e,7c00,ccf8,a561,846b,bba3,0e14,3508,5f62,b15c,5f3e,fc00,5df8,b943,02f1,e4b4,187d,af0d,d713,9e7d,1c01,1a79,3a0d,2939,ed2b,0a31,ef06,0000,28423
Exponent - Got: 00, Expected: de
c224,b4a0,abc9,0cde,db47,9731,725f,fd7b,4841,a491,6b98,9b4f,b5b9,3092,6273,c077,5c37,3b4f,52f9,501c,17bc,ca93,45c6,30cd,cbec,7d7b,7341,9fe7,8918,720a,8a6e,cefa,738e,7388,6
Exponent - Got: e7, Expected: e7
c147,5705,8eeb,d936,3b04,4872,d262,c346,7f40,49be,70ad,d90c,75be,48d5,1104,1626,078a,bd05,c53f,4f75,d2ab,99ce,c57d,9fb7,3d48,c332,b034,ca54,24c0,c489,ff40,12be,75be,75b8,6
Exponent - Got: eb, Expected: eb
3d73,e5c9,4a42,0a56,29c2,ad11,440b,a043,8bc3,1014,f534,9fde,5961,bd93,3228,5a4c,bbf8,4a8f,1bda,196d,6a1f,990b,34f9,84d0,a1d9,20da,b61b,a1b7,7534,a6de,8813,9dc3,6a1f,6a00,31
Exponent - Got: d4, Expected: d4
6a61,def5,e808,49d8,8f4b,d495,e47c,04b4,47bd,bc72,ad8a,ee51,13cd,e8aa,21fb,bf78,0206,3d82,5d79,9b83,3e74,4b08,f99e,99ed,799e,bced,18d4,91e5,2386,5e41,8ebd,a6e0,ee50,ee00,80
Exponent - Got: dc, Expected: dc
faa6,eed3,27ce,d001,ede1,d47a,1b52,21e4,22a7,2122,87e0,bcef,3456,87be,eb31,b2a7,6c02,d45a,a972,b4a0,c3c9,940e,7aa6,add3,9248,396c,e61e,1652,befe,c203,cf47,8b19,ef04,ee80,132
Exponent - Got: dd, Expected: de
f31d,41bb,f5f8,ba13,83a7,7560,178a,ff25,4d9b,0dc0,0ddb,f500,1eea,2e57,adcb,8050,6750,d59e,0db5,e0ee,baaf,181a,9eaa,2f17,8089,5fc8,a777,01f9,95ba,ba11,7f25,569b,f5cd,f5c8,5
Exponent - Got: eb, Expected: eb
9c53,2dab,4730,c9be,d5ad,5f46,9078,e958,f08a,a1eb,0e68,ba74,5c00,72b8,b45d,8c75,422d,13e9,438e,f289,c92c,fbbe,73c9,936e,a3c8,7c8f,89b6,2d25,fc3f,5207,cd63,e439,73d3,73d0,3
Exponent - Got: e7, Expected: e7
7195,a036,42f6,43f3,a5b4,2bff,7c68,ca90,2f05,2c1b,f283,29a6,c075,02b5,3df0,3b8b,593c,808e,720f,b12b,5e89,6874,41a4,9027,d2c7,52a2,8487,8e4e,20d2,a613,1b9f,fc68,f132,f140,14
Exponent - Got: e2, Expected: e2
4a61,e4b5,b23c,7c58,7ca0,b659,4f75,b4ab,3102,99e0,72d3,6af6,5fa3,cddc,4f47,3819,2e29,9035,ac55,404d,f38d,312a,9bc8,1cff,fd06,e17c,b7be,2751,a75f,73d1,0b76,50e0,7372,7370,2
Exponent - Got: e6, Expected: e6
4320,bfa6,8b59,a00f,c28f,acca,3913,d1a1,6c42,881a,f98a,3ef9,6ec4,9119,3a7b,10cf,8d2e,95b4,b19f,093c,5e2e,9b12,cca4,a83d,702d,338d,44aa,aaa3,5d36,160c,5520,798a,7046,7040,6
Exponent - Got: e0, Expected: e0
813f,45fd,cc36,da2e,081a,3e8a,ce77,982b,e3db,d8dc,8c6d,4435,bffd,fbc2,28b5,9fa4,439b,37dc,32b3,2a16,7bc2,d9b5,3946,a2b4,0af1,82a4,c6a1,3f6c,7012,e872,8122,b4a0,7012,7000,18
Exponent - Got: e0, Expected: e0
579e,a4b1,05b8,4db3,53e8,314f,84ed,72a4,3941,5173,7f11,1faf,6e50,4e8c,ff11,90af,884e,b2de,f03b,531b,ef7d,a1e3,2c60,9c38,d100,eea2,19ff,940c,a224,8a60,a174,8f36,729c,0000,29340
Exponent - Got: 00, Expected: e5
ad80,70db,4efa,88e7,6636,177a,19d4,36e7,174a,fbe4,9113,aaf1,e9e4,0b37,02e1,90a4,fc85,be3c,4a40,aad4,be81,cdbc,f127,2305,1c03,d6fb,e396,97d1,7cbe,71c7,2ae4,57b1,71aa,7180,42
Exponent - Got: e3, Expected: e3
e7eb,1ce4,45dd,ee16,7a4a,d43e,8216,be92,816f,35ad,4086,2987,8c14,540c,b1a4,85c7,230c,fa4a,cd3e,dd24,0f9e,5801,2af1,d2e4,4241,0a85,59d0,cb63,2635,cb39,90ef,e00e,ee16,ee00,22
Exponent - Got: dc, Expected: dc
7ce1,2258,5a1c,5da8,6d13,d309,2aef,a77a,aab4,fce1,9158,e47a,3332,8fd4,f1cb,62e8,4e2d,f1f1,ec52,b90a,34f8,9c91,6de8,e133,cc31,e7e9,a266,caa2,d5b7,07dc,30d3,0a72,f25d,f240,29
Exponent - Got: e4, Expected: e4
1f2c,fc12,816a,ace8,c3b1,fc76,b60e,36e2,5a0f,4d7b,9521,8c4b,f193,46b0,2a3d,b129,e40b,c103,8041,3501,052b,4be1,6f36,5668,7cc4,8d3d,2367,60e1,9260,6544,c88e,389f,f18d,f180,13
Exponent - Got: e3, Expected: e3
26ad,a7a0,caef,b6ba,e357,3151,6d73,1769,e507,130d,306b,38cb,3c7a,8c82,1f1b,fde5,295e,e68c,c841,8991,e8c2,f193,3cb0,cec9,8714,451a,eb10,42c6,91c3,6a20,08f4,7de5,f193,f180,19
Exponent - Got: e3, Expected: e3
83e7,c520,d4aa,6b83,b594,b5ff,0f54,2a4a,509e,8bbf,d368,48ce,81df,311c,227e,05ba,3131,7b13,0525,5e6f,fb13,5a25,67d1,d75e,c170,04f2,a87b,15eb,e700,9ace,6a7b,806f,6ba3,0000,27555
Exponent - Got: 00, Expected: d7
0134,1a36,dd82,a0b9,c3b8,2e3f,b1a3,9000,1920,d112,8230,5734,889a,9d0b,00f1,bab0,21c5,bec6,883b,a9eb,a478,c530,6cba,18e3,4a12,ca06,bc12,29ea,1f39,b547,0bed,ecba,dd82,0000,23939
Exponent - Got: 00, Expected: bb
b54d,9367,cd81,665a,7016,c976,bf64,591a,8928,de3a,2f06,2ed8,9285,d4e0,2349,214f,4ccd,b114,d176,c954,33c6,0e21,a67d,c271,53b5,6052,4212,f016,c076,ac76,c8ae,52bf,665a,6650,10
Exponent - Got: cc, Expected: cc
66e4,1b29,9f5f,c3a1,2666,69aa,cff9,0c26,2bbe,7e69,82d5,8c90,8989,3eda,de27,065b,8097,6e56,cd0a,4e10,708c,d76d,8983,4250,90d4,d2f5,da10,d5a4,d30f,0b69,4b3f,fe69,7093,0000,28819
Exponent - Got: 00, Expected: e1
7dbf,4684,df09,f2f7,00d2,1a53,9aa7,bc52,6faa,6bf5,9462,37ca,8725,356b,e5c1,804a,65ca,a581,da8a,fdbf,c384,d903,3071,d051,ebb1,1426,9f8e,f131,d693,9bfe,9149,362b,f305,f2c0,69
Exponent - Got: e5, Expected: e6
9df9,1a82,b437,fc9f,00a6,6927,1635,eb59,e8cf,92de,127b,7c9f,65a6,b8ed,bcdc,10a5,55c4,ea6f,ee7b,0367,36a1,ca8c,5019,66f9,8c74,846c,5a64,d3d0,9277,2093,7212,4276,7211,7200,17
Exponent - Got: e4, Expected: e4
930d,8d6b,38b1,ae80,9ddd,09a6,e835,98a5,0cd4,91cd,79ae,94dd,4cb4,8f2d,2d73,03e9,f9ae,93dd,2bba,c36d,d3ab,34cc,dda5,695e,6c0c,51d4,1677,859b,9a50,8564,c16e,e56c,6c0f,0000,27663
Exponent - Got: 00, Expected: d8
08bb,286a,8aba,f32f,e709,aa87,d412,e33a,227c,6738,67f6,8eb9,e5e4,732f,2209,c20d,04c9,1680,3cad,0994,bc87,5c3e,3106,e8e4,1035,b755,bb7b,a0cd,04cc,2dc5,5ade,b3eb,e8a4,e8a0,4
Exponent - Got: d1, Expected: d1
085c,7b4c,c6ba,23b7,c230,abb4,17e3,470c,9e82,8d3f,7de5,365e,a7b2,7c7d,5fc5,ca3a,fd2e,c554,91de,8d7d,8927,e5f5,a57e,fdb4,614f,904d,702d,198d,20fe,6d3f,ce25,00f9,7030,0000,28720
Exponent - Got: 00, Expected: e0
06ca,a847,04d7,fd1e,0364,1c62,88da,194b,73b9,7d1e,8a64,4270,96f4,8ad9,038c,408b,9aca,8f7f,ada1,5eba,6c87,9b9e,ad29,8233,27f7,5278,50dc,117d,b21f,c6bb,73f6,d691,7458,7454,4
Exponent - Got: e8, Expected: e8
8ec3,1f1e,46a0,942d,0c45,291d,ca0f,845b,5193,f9f0,1a03,70f7,59d6,2ae5,99f0,50c3,04a2,ba2b,9b9f,c368,9aee,ac5b,35c3,4968,dffa,c2c5,e400,e1c8,960b,ebe7,79f0,6703,70f7,70f4,3
Exponent - Got: e1, Expected: e1
834f,9b89,86fe,7073,5253,4437,157f,7095,1334,a012,c1d2,70d1,0a70,3c64,471c,5e92,8aaf,8c7a,9be2,1455,853d,cf77,0d29,6173,5d71,9d8b,9870,f140,08a2,6633,f03f,221f,6633,6600,51
Exponent - Got: cc, Expected: cc
fe92,81ef,4d2c,c4b6,80bf,647e,ff36,3348,9d2e,1994,d8a7,b6d6,483b,ea6b,7f7f,b641,356d,2e47,d1db,64b8,9a71,5105,cae7,3eb2,0c4f,0197,c054,88d4,62c5,2b40,2716,d2d8,ea6b,0000,27244
Exponent - Got: 00, Expected: d4
27bc,6af3,36e6,530b,e16d,05ef,1e24,fd18,3ce2,9c1b,75e3,e5c8,ea03,4717,3e59,8265,9a21,0755,aa1b,cb8f,fdd8,f623,2f0f,ee91,0f0c,7e12,e26e,3e2a,e6d6,0e9b,4a46,d752,f546,f544,2
Exponent - Got: ea, Expected: ea
1850,6860,3ab0,ecc5,8a5c,3e48,8834,1624,af08,5a56,df62,725c,6fb8,6567,146d,2705,e20b,7d0f,ea35,9ea1,3ddc,d2a7,a8c2,7113,bd31,e20b,fd0f,e935,8da7,837c,e77a,8434,7283,7240,67
Exponent - Got: e4, Expected: e5
721b,943f,dad7,5ca2,349b,fe32,114e,28ec,73bd,0c1a,a282,7147,cc65,24bd,dbb4,5103,4361,2da7,723c,d5d8,a673,6bff,84e8,2fe1,cbfe,cde9,7e32,1c4e,4ff6,e4e9,bd60,d01a,73ee,73c0,46
Exponent - Got: e7, Expected: e7
ec8f,d296,c0b3,5df2,b3c9,0aee,e37b,c87d,92ad,88c8,cbd9,7a0e,9b7a,eccc,d015,86f5,d6b8,a115,4317,5451,30b9,5698,f035,4295,c150,aed2,6b0f,cc19,c5c1,420a,fa0e,d07a,f038,f030,8
Exponent - Got: e0, Expected: e0
5333,6f55,4ccb,7492,acfb,df62,765c,05b0,57bb,a3d4,df93,40ec,136d,be0b,8fb7,db68,4cde,95c7,ff2c,21d2,cd11,c8cb,599a,4da9,6f72,7f2c,e8d2,5183,01e0,4de3,0bb8,abaf,766e,766c,2
Exponent - Got: ec, Expected: ec
3d79,6743,654d,e8c7,dcd6,46ef,99a2,8a11,9f45,933b,c8dd,b00c,a46c,ee24,4cf8,4a61,7eb5,5f08,41b6,feb5,5208,2eac,dbf1,3406,6fee,8eb1,27ec,60a3,e8a2,1bf3,bd04,957e,6fd9,0000,28633
Exponent - Got: 00, Expected: df
c80e,321e,8bfa,d06d,b28d,bca8,1dd1,93aa,020d,3149,0f6b,35b5,c09e,fe9f,5ea2,7e9f,65a2,85e9,b4a2,694b,9359,303f,759f,cab4,9421,8149,460b,8a47,7293,d2b6,2693,f41e,758e,758c,2
Exponent - Got: eb, Expected: eb
6aaa,62ff,7dfa,2581,ab8a,8c5d,6005,7185,2e26,fdfa,e081,8900,9812,93a2,0e05,5d59,47a3,65ec,3827,a797,b918,0a6a,1efe,5543,6529,c5a3,ace8,5bb1,1346,a6e0,05ad,3ee6,7185,7180,5
Exponent - Got: e3, Expected: e3
4646,814a,3ac8,90bd,a0dc,389d,59ac,241f,9397,cd70,0cea,e873,4963,9d31,564b,0627,9deb,2210,cc54,eacc,3a19,422d,13e9,018e,7a0d,f9b9,e40a,f942,5230,5e94,e329,84af,ead4,0000,27349
Exponent - Got: 00, Expected: d5
dc1d,5ce5,7f1c,64e2,f6ab,5986,c2b5,d470,c5d8,8e53,8f8f,8750,be5e,80a2,db23,f455,ccfd,1c24,ff1c,9de2,2659,2e55,af49,de57,342b,0283,4446,434e,1a48,247c,b134,3d56,f6b2,f6b0,2
Exponent - Got: ed, Expected: ed
1528,6102,2140,eb02,1854,c164,8fe6,4f79,d5a7,b7cc,d3a3,fec4,4639,0cf5,e7ac,ef63,0e7d,af21,8c3f,bce7,625e,b11a,26f8,4eb5,2768,e726,a168,e82a,9f7a,7ec4,e539,d4b3,ef64,0000,28517
Exponent - Got: 00, Expected: de
cfa4,713b,0d19,bf43,b4fd,02d4,efd1,c24e,844a,3bc2,9535,a15f,dbdd,192a,9398,58bf,2bce,fa19,bbad,819a,7a19,5cad,df54,d5ea,ccc1,e318,b2de,ee3b,0f27,02f9,d4bc,aa15,711e,711c,2
Exponent - Got: e2, Expected: e2
5aed,0f18,2f06,bed8,d1a5,2746,c888,2919,3b0b,dfbd,a542,4a88,481d,45cd,1406,e9ae,09fd,b2ae,b04b,77eb,4fc4,465b,1417,87ff,b730,c65e,1852,c4e2,f7eb,02c4,edc1,ba5a,edc2,edc0,2
Exponent - Got: db, Expected: db
48ce,2ddf,9044,9a64,a050,8910,0a02,9896,ea27,1033,88d3,c502,d208,4dac,8e37,7eeb,ded6,feeb,97d6,ad79,4063,6c23,ac3b,43a3,71e4,5407,cb6f,a939,4e2b,c477,103f,61df,71e4,0000,29156
Exponent - Got: 00, Expected: e3
5e7b,7a07,e333,ea35,26a1,aaac,44f9,5030,9e90,91ad,b9ce,3d3d,fa07,c233,6d77,c26d,c2a9,b76c,c902,8e10,c30c,178a,0125,d267,4403,d44b,6523,6529,bda3,ba18,936c,274a,6d74,0000,28020
Exponent - Got: 00, Expected: da
f441,09e9,65ba,c7f1,2e3e,91e2,7441,42e9,322c,9f48,1e76,c7ca,eac5,dc50,35e8,8583,4248,88cc,d8dd,4a2c,3fb8,91c7,1d24,c61e,3612,10fe,cd5f,c105,01c7,c604,4c88,5c11,eac5,eac0,5
Exponent - Got: d5, Expected: d5
1eb6,1d0b,abf1,c4e6,84ef,6026,1b66,94d0,39f9,d9ca,22f9,40fc,0f7d,f623,390f,c8bd,d06c,c6cc,b841,0971,3d23,5399,b37e,dd98,7623,e60f,bc03,bfbb,8e04,dc18,25a0,53eb,e60f,0000,26128
Exponent - Got: 00, Expected: cc
e93b,c629,d3e5,e102,cc40,31d8,17bb,2754,821a,039e,e219,e79d,0912,1f80,95bf,7b54,30a2,de43,d13f,d75d,01b3,b570,601a,5a5a,8c6e,c0f6,eaf7,cae2,cff7,01a8,1fab,fb54,eb08,0000,27401
Exponent - Got: 00, Expected: d6
9dd3,cc28,1bb0,e987,a194,55d7,cabc,fc29,6391,e516,e95c,5d8e,e8b5,2c24,d37c,b9da,7c29,1291,daf4,4641,328d,39a8,03db,291c,604e,9d0e,43b4,a033,bfb3,de0c,3cb0,c0c9,ea11,0000,27154
Exponent - Got: 00, Expected: d4
938b,986c,8e5c,2a40,6614,7bd8,9b2f,9bd9,dcae,0297,0552,fbd8,842f,e6e7,c2ea,65ef,e2e4,b821,0b11,e747,2349,254f,eac5,d650,27fc,2ab3,ce26,083a,2aaa,ae7f,cce3,53ba,eac7,0000,27336
Exponent - Got: 00, Expected: d5
8059,4719,c1d7,9394,57b3,81dc,0fdf,2600,424c,95c8,28e3,6e72,342e,0fc6,9a59,752d,a887,e816,b446,feae,c0d3,4392,3d95,7eae,d5d3,36b8,90d5,12b4,2391,bd96,516d,308f,752d,7528,5
Exponent - Got: ea, Expected: ea
c1b1,aa72,b7a6,9d49,aa33,7ba7,5e90,5c2d,0fd5,d68a,fba7,a190,5ed3,66ae,35e3,4148,efca,6a95,f100,dae2,99d7,9524,3d0e,ccf4,d86d,029d,b3d8,50bf,b5de,a735,593b,ab49,f119,f100,25
Exponent - Got: e2, Expected: e2
7d51,6feb,aff4,5bab,b1dc,55bf,4cd4,d74d,39a3,c710,0c9e,cb07,fd51,eaeb,61fe,58bd,354c,9c26,a69e,2253,c0d7,b496,a67f,eef3,59ee,a8dd,0ccc,47d5,301a,d8fa,35cb,f160,f14a,f100,74
Exponent - Got: e2, Expected: e2
e5fc,1737,f2d9,df7c,c5c2,aec9,fbd4,b523,2889,ee98,4345,de83,e7fe,bbb1,1486,cd2f,3b75,8643,d38f,71e8,8f0b,50d5,e534,05fe,9475,921d,4679,10b5,7bd4,8c23,23fb,017c,f2a0,f29c,4
Exponent - Got: e5, Expected: e5
8fce,d351,4ab7,25e2,e729,96a7,424a,984e,b8fe,4a0f,b55b,72f1,8c54,c44c,d2c4,6861,f2f1,cd54,c1ce,83cd,df8a,2cb5,91ac,478f,b8c0,a5b1,58ba,128b,526e,a94a,1a98,3ead,6837,6840,9
Exponent - Got: d0, Expected: d0
89fc,0def,9234,d410,01b8,2fbb,0b24,7a32,aa46,8092,4513,eb59,22cf,5d4a,6170,01b2,e731,9ebf,5642,846e,10e6,1747,c6a9,3564,3e0e,45f2,c5f9,fa32,c746,2d48,6112,5950,eb5a,0000,27483
Exponent - Got: 00, Expected: d6
9741,9c2f,8cd7,0e0e,df92,fead,2810,b440,4f28,dbb6,2981,b592,8c79,d721,f4cf,d0e6,6cc7,c3de,cfd9,c806,7016,ab76,67a0,016f,7ead,e510,d2da,99ff,cd0c,6596,c8dd,b60c,f4cf,f4c0,15
Exponent - Got: e9, Expected: e9
b7a4,ddcb,beb0,89cd,439e,cc99,af40,fc1e,5c66,9f5e,8be0,d4f7,5a9e,31ab,bf08,ee76,b22a,bdce,3935,e007,ec07,2c1f,7b87,ceb0,512d,e0cf,24ce,5507,166d,0d01,175b,7bb5,ee7e,0000,28287
Exponent - Got: 00, Expected: dc
d1c2,e6e1,116c,d64e,be62,b59e,f975,37c7,a868,4938,03aa,dd2d,11d7,b634,ba58,512c,288e,cd5f,bf05,473b,7975,a4c7,184e,21fe,423d,3df9,17c2,516d,ee8f,5c92,02ab,346e,ee8f,ee80,15
Exponent - Got: dd, Expected: dd
3bbe,3649,6865,17f5,2a9a,0c4f,a997,3504,b06e,8a8e,b21b,85bf,cd74,1dee,fc55,52ed,ed08,b8d2,4523,4b69,45bf,1ef4,43c9,3d0e,90f4,00d5,c394,4313,4355,da93,19e6,7c55,ed08,0000,27913
Exponent - Got: 00, Expected: da
e50b,fa01,3db5,388e,457f,ca35,e0e1,c960,d8f2,67c3,5fcc,d273,6b17,7a01,b8b5,8a84,4091,c850,15c0,0feb,e934,bfe6,0b19,4b4f,c819,37c9,05e6,c86d,d0bd,445c,39d4,62a7,6b0d,0000,27405
Exponent - Got: 00, Expected: d6
a249,fb4d,31fb,c758,ead6,8a83,ab56,9d80,82bb,bf7e,4d80,c51b,4c51,c889,d958,c4ea,cfe3,0abc,bba9,489e,f18f,8dac,b1b7,8b14,6702,034c,d04a,1f6a,37d4,c8bb,13ea,7b4d,f18f,f188,7
Exponent - Got: e3, Expected: e3
4e94,7909,8dbb,3460,5008,d0a8,f909,e6bb,07b6,1439,3e51,d26d,a689,b784,0deb,4130,d9b2,2081,0a80,8295,5ed0,286d,d77d,0f93,b74c,bd22,96d8,69f5,0466,4bee,d6f9,d514,69f2,0000,27122
Exponent - Got: 00, Expected: d3
6ad8,ea0d,3699,5ab4,3701,7f2f,3411,1439,aa51,4145,8087,bc46,08be,ff2f,bf11,4e2f,1b73,9185,59e6,a6d5,0ad8,44cd,2f04,185a,68ea,a8bb,1d2a,3590,93fb,a01c,e45c,ea94,68c2,0000,26818
Exponent - Got: 00, Expected: d1
9b8d,8ffa,5465,1d8d,2af6,2323,bfa5,339a,0f7d,7623,da0f,b27b,3bdf,c468,e1e0,f623,2d0f,1a95,cbe0,c277,d833,c343,0e05,0f59,0307,44c1,6408,8ac0,3fd5,38ea,8c1b,cdc3,6401,0000,25601
Exponent - Got: 00, Expected: c8
ed1a,4640,26cc,4381,e546,bb0c,197a,e3c8,fe0f,b633,a99f,110c,9c2e,ce96,228b,000e,198e,083d,116d,7e0f,ad33,1aa9,40dc,a35d,275b,45d5,601e,c55e,ef54,818a,3009,8629,ef5e,0000,28511
Exponent - Got: 00, Expected: de
55a0,7d0b,ed31,48ab,b8fa,fd0b,ae31,212d,0e2f,43f3,0bb4,02a3,7066,b306,8de0,06fb,a236,10f2,ea53,e547,a14d,d94f,953d,2957,f2c5,0860,c470,09f8,19eb,2b18,414e,8c4c,f2be,f2c0,2
Exponent - Got: e5, Expected: e5
9711,967f,2693,461e,a712,ccdc,1e45,2d39,8523,0ee9,f8b4,7845,edf5,696e,283c,c96c,a9fe,db2d,a1db,be58,2f24,407a,347a,1492,423b,527f,011b,c9d9,240a,30c2,7823,b613,edf5,edc0,53
Exponent - Got: db, Expected: db
2f10,7f4e,a830,0560,156a,7dc0,553b,3751,ef7f,ad61,e47b,9773,149d,ddf4,bf4f,6bf1,ff66,8b18,800e,f28e,ceeb,47b6,a2b9,17bc,ac93,ed0a,ec50,a788,98c7,8c36,82ae,ac2b,f290,0000,29329
Exponent - Got: 00, Expected: e5
ab58,a80e,aede,0e03,a2df,105a,dcfa,25c3,7d48,cfb2,caad,2478,de30,ad8c,95d7,b13c,fd5e,4124,a0a6,3467,ddcf,0bb4,9ea3,535e,ac78,c520,1eaa,bc17,c4af,66e6,6dab,7bb0,6dab,0000,28075
Exponent - Got: 00, Expected: db
ee71,7bed,d05a,617a,5738,c196,9f95,f1ea,3e89,a2b4,14f1,ba98,fbed,6b5a,2d0c,3256,1fb2,030d,724b,166f,9d83,6a78,a8ac,26fd,71f0,a913,c681,eb4c,199a,c529,3ce3,5c5a,724d,7248,5
Exponent - Got: e4, Expected: e4
07c2,e94d,11df,c83c,86ac,20a1,c4a0,e129,50ab,38ca,3e3b,9c87,627e,c93a,a828,3578,6512,ff58,08a6,4537,207d,077d,3433,8a9b,574e,9c60,7f58,c9a6,33b5,a492,315b,f3f9,f3f9,f380,121
Exponent - Got: e7, Expected: e7
1b55,8623,d9ef,139c,66bb,18b6,3f07,3cb9,da80,b735,491b,1349,f32f,2b09,fd1f,3525,680f,7d1f,a425,4e2d,abf1,f4e6,248f,4f06,2418,5850,10e0,04c1,3488,2ce1,52f8,2a5d,f4fc,f4fa,2
Exponent - Got: e9, Expected: e9
0132,e5b0,b27b,45df,fc94,0a6d,ef39,06a7,6b6a,813c,8d3e,b7a4,bbcb,867c,7270,7c94,c76d,2da3,1538,5d12,5b28,959e,e735,b7bb,c614,8098,3f99,81a6,4925,f2f7,46d2,6adf,f280,f260,32
Exponent - Got: e4, Expected: e5
e13c,d9fe,5fcd,8a32,13a6,8401,4f49,4197,aed4,b889,8fb8,6ea7,41ba,ddb9,ac42,999a,ca29,97fd,4f92,078d,eec2,999f,9b6c,415a,6d58,a382,ca45,c891,c340,a0c6,da07,d673,e124,0000,24869
Exponent - Got: 00, Expected: c2
8402,7b8a,b3fd,f1da,30b9,1e98,0aa5,23f0,a7b7,7b38,6dce,de95,2068,2428,6460,28a8,c4f9,6b30,fbe6,bf91,c0ae,3caf,8b16,d180,d023,db43,1835,6145,40c7,af86,8559,9213,f1d9,f1d0,9
Exponent - Got: e3, Expected: e3
c969,d6bb,1bd6,b861,ad51,064b,8287,a842,1b92,cd25,87ff,bf30,b64e,a4a2,3d6b,87d1,049e,3b17,fea1,5d1c,08a6,2b37,7ea1,621c,d9d8,066b,92a7,aa42,b196,2f75,ea6b,217f,ea6b,0000,27244
Exponent - Got: 00, Expected: d4
a5ca,6a01,7e95,7328,05ce,2645,4149,278b,6d04,12de,957b,2a91,8884,fe95,b028,3148,a52a,8ae0,87f5,61ba,67f9,4b76,2060,5820,e890,b741,2e6f,8ff3,ae2c,d070,cfd0,464f,7328,7300,40
Exponent - Got: e6, Expected: e6
b794,41fb,afb8,08e7,9536,2b9c,9ccb,9532,2a98,c0cd,9e0c,5030,ea90,ab45,8b53,cc85,545c,c7f4,097b,75a9,4902,1b10,ab26,d3f0,1c57,8baf,cf78,38e6,bf17,f5a9,9002,13a2,ea90,ea80,16
Exponent - Got: d5, Expected: d5
addd,3dc6,fc3d,0085,57c4,666b,8667,2eab,5836,0506,168c,35a1,fb8a,c0fd,263c,d570,86da,6557,ce5d,7c81,4e38,52a4,4701,a7cf,b340,4626,212a,ade8,16b3,025e,b1da,1c39,6690,0000,26256
Exponent - Got: 00, Expected: cd
ca36,bc22,01da,af59,b247,f4e3,a9ca,3019,6c39,38a1,1690,02bd,69f8,dd2b,8e51,c10d,65cf,9ac4,32f1,aed4,be89,3bb4,96c3,5f2e,2410,3a58,582c,3f9c,74e3,6aca,e69f,9e92,6c5a,6c58,2
Exponent - Got: d8, Expected: d8
5fd0,e76f,f161,7ec3,06fe,8f73,54ad,6744,de8a,29b7,5624,4b88,c71f,db51,5ea7,31da,2539,8733,04fd,d1b4,2717,9e99,2be4,cab3,0fe6,b279,6f5d,fec3,c3fe,39f9,41ca,63c9,f153,0000,29012
Exponent - Got: 00, Expected: e2
838b,ec4c,0094,db95,7f62,c71c,ef92,d0cd,162c,b900,7472,8a1a,818e,dd0d,31f7,2c54,290c,b85e,2cae,0977,0ea5,d9f8,3e4b,2af7,ff62,e81c,00cc,53cd,982a,259a,3b51,8567,7472,7440,50
Exponent - Got: e8, Expected: e8
34f2,ea1b,af0f,3b91,c5a6,f3ad,eb0a,7e5c,bfa0,58df,b7ae,8541,800b,9fcb,f034,0ad4,57c1,a52e,51e4,ec47,f25f,b27b,21df,fe5c,d6a0,4b0d,ecdb,5dc2,3df9,97c2,0a6d,1739,f3ca,f3a0,42
Exponent - Got: e7, Expected: e7
db22,1614,9d38,6a02,b656,2aba,5a6f,8d1b,1cc1,bcb8,5dc1,2f3a,bfe4,159b,ff70,388e,557f,ac15,200d,250d,da07,9073,1193,7f70,ad8e,5d55,70af,cf8e,8f91,d8ce,aaff,306a,70af,0000,28847
Exponent - Got: 00, Expected: e1
15bc,3697,b33a,aadc,fe89,6734,a4fa,6133,0931,9563,7e89,9634,da18,1fac,8c93,b94a,ecb8,2161,6163,1361,dd07,557d,e697,bc9a,3363,c9c5,5516,423c,87b8,14b7,d15e,a37c,ecb8,0000,27833
Exponent - Got: 00, Expected: d9
fd91,2a2a,aafe,302b,6a8b,049e,8b17,8bc1,b896,e067,f267,8843,9993,1260,cc44,b0dc,64bd,7134,50d6,1df7,5c0c,b1b4,89d7,7104,d0e6,42c7,4982,7d91,552a,2100,c342,3e44,f219,f200,25
Exponent - Got: e4, Expected: e4
0517,4edd,bf00,3a7e,198a,c939,feeb,d1d6,5ff5,380a,ccfa,03e3,8324,8322,cea4,9c39,2941,1353,cbb5,4562,ed68,6cb2,7eeb,e8d6,2687,110a,01a8,bdab,9a10,3d24,945e,bcf6,ed0f,0000,27920
Exponent - Got: 00, Expected: da
4c7a,0862,02f2,7e77,2d4b,8dd1,228a,344f,6de7,50fc,295d,c44f,5207,9b63,c295,aa50,4304,3682,986f,089f,254e,5a84,cd31,4ceb,f4b2,09db,d908,c4ba,d9b3,eec0,151d,fe77,f4b2,f4b0,2
Exponent - Got: e9, Expected: e9
e86b,ad7b,cae1,4d34,0cae,ff37,fd09,72b3,4896,c987,a1d4,a197,6d14,fcce,a6b7,4a3a,562e,2502,e7c8,9007,96e7,e60a,7f46,9e38,2504,904e,acee,7437,cf1f,b141,6663,586f,744d,7400,77
Exponent - Got: e8, Expected: e8
3127,9285,dce0,d759,8cb7,226e,cfaa,a6b5,28b8,3ae9,b8dc,fcad,fc14,a6ec,9aa1,19d4,ace7,447e,7376,a210,dd54,91ee,eb4d,bbdb,286c,f13c,a7de,d311,7cf7,6fce,c091,e550,736c,7368,4
Exponent - Got: e6, Expected: e6
a139,9a3b,13cf,3828,dc58,49e0,a173,1af1,e484,ea4d,58d9,2c28,5670,84dc,ced5,6008,dcc8,a571,d47b,8b13,bcc5,88fc,faed,0e58,3644,6528,c7e2,7aed,8158,a85a,398a,d979,ea4d,0000,27214
Exponent - Got: 00, Expected: d4
6c1e,8946,f7d4,a73b,10b5,d3d4,5f73,9d0d,2177,daf5,3c00,d678,77d4,6c3b,2623,caaf,b4fa,9f13,0aed,23b8,11ff,321c,e778,8ab6,3823,c693,e9de,0b8d,20da,d81b,356b,41c1,6ca9,6c80,41
Exponent - Got: d9, Expected: d9
933b,88dd,c08c,8e0d,5851,22a1,02a4,11a1,6dc2,6199,cf1a,b604,a668,6d24,48fe,8bef,d938,de8a,17b7,1658,6074,5bb4,3203,4aa7,d5f2,62d9,285c,030c,ee0a,dd56,cf6c,4df2,6303,6280,131
Exponent - Got: c5, Expected: c6
8b2f,59f9,c90a,9218,5d3c,0486,a90f,1f9d,2ce2,063b,e8f7,fce6,809f,2a5e,1d8a,9131,6e53,f24f,986b,039b,5d5c,7ce6,2f9f,4400,3688,b2e5,84c0,b3c9,ccee,eaf7,8ee2,5d7f,f24e,f240,14
Exponent - Got: e4, Expected: e4
cdb2,7aa9,001c,871c,5912,0b20,2736,a2f8,87bd,9df2,3a49,427d,05b9,67f2,cdbd,e766,d728,8086,0207,53c3,39a4,70d7,6ff6,02a9,e4ec,a625,6029,faa9,5d1c,0ea6,953b,26d1,710a,7100,10
Exponent - Got: e2, Expected: e2
df8d,e772,5c3c,7784,126b,d68f,9ce2,a35b,e4dd,8a54,3240,b624,1e48,9c74,9a4c,b478,3710,a17e,39bc,1ccf,6b36,e260,1da4,2a9f,070a,f784,d16b,cc09,2fd1,c9ce,b5dd,b7f6,6b35,0000,27445
Exponent - Got: 00, Expected: d6
0ac9,e29c,2459,8051,3511,5f3b,f145,cbe7,57b0,cd1f,7145,86e7,d82a,951a,bcb0,ddc9,4632,e23e,927a,2dde,3205,bd21,b81b,c9ab,a2f8,81bd,cbfe,c5e9,9022,bb82,4a75,23a1,e2fa,0000,25339
Exponent - Got: 00, Expected: c5
4973,5521,73cb,1bec,80db,351a,4df0,416b,5129,f3cb,82ec,52e9,560c,65a0,116b,1589,65e2,39a9,e19a,02d9,989c,20ad,a3ac,d7eb,9684,82a9,0dec,c0f7,06b6,493b,8169,c62b,6641,0000,26177
Exponent - Got: 00, Expected: cc
8e2c,3a30,d844,c4f4,5e7d,c581,da4a,0f7e,72e0,7e05,99b9,84ca,5b43,b935,6107,fe05,acb9,c3a0,e427,282f,69bf,b4ac,dac5,2430,d278,e5dc,a117,c595,cb5e,9f48,b676,509a,72e0,7280,96
Exponent - Got: e5, Expected: e5
45e7,d4ac,6605,a789,ae86,5c5b,d223,4947,8215,9e51,cf2d,c9f3,38a0,66d1,ae5c,c600,b18c,8def,6734,a2fa,f53f,b515,753f,3e15,4f29,ddf7,cd8c,af17,0f89,c3d6,37d1,5bfe,679f,0000,26527
Exponent - Got: 00, Expected: cf
ab4b,7edd,6960,9fb2,d40d,02e5,6fa0,317f,98dd,deac,4611,fedd,4260,bae4,1491,8af8,f3ed,0d4a,bbd0,02a7,2562,2ba8,3fff,1240,e664,caa8,2b3d,082b,90fb,391a,11e8,27cb,f3ec,f3c0,44
Exponent - Got: e7, Expected: e7
493f,b46d,be45,cc79,6fa1,413e,dc3c,5284,1521,7f4b,5575,389f,bb2e,13d8,59ff,8e8c,a491,ed98,d843,e733,3e3d,0501,ff4b,1a75,8701,a04f,0acf,ab1a,b2cc,1ea9,6cd4,210d,6f9b,0000,28571
Exponent - Got: 00, Expected: df
0397,5250,26f4,6db9,a522,a2e8,e7ad,bd22,2ed8,1085,61e4,a627,f4ab,6782,95cd,1da6,861d,2251,8c55,120d,0169,a32b,a4ad,c6a4,5629,16c5,c1a8,922b,fdcf,9df4,7dcf,20f4,f4ab,f4a8,3
Exponent - Got: e9, Expected: e9
106f,0b8f,a258,9f1c,6922,c770,b4fe,a217,4c93,08ca,565b,0e37,f1eb,c2c8,894d,451f,fe55,e8e9,6f78,39a6,7e55,4fe9,9b36,ab80,2ed7,874a,e0c4,d405,b4ed,58c4,0375,ac33,f1e3,0000,29156
Exponent - Got: 00, Expected: e3
3554,263e,a1f2,8c31,ff69,40d7,bf96,7f69,59d7,66a4,ab69,8e7f,a0a3,d722,480c,bb9c,b9eb,7258,82bc,18b9,a0c8,9389,04ee,6367,2c61,ca79,29ad,32be,dd5b,c621,c5ed,af26,7258,0000,29272
Exponent - Got: 00, Expected: e4
808e,620f,b50b,86a1,c7ec,0b63,91b5,bdd6,132d,284b,d4db,09b2,5b21,47d7,d498,8731,4e7f,d523,ce49,9795,4bfa,9bed,759a,c1f1,9432,f59a,4cf1,dc28,8790,649f,b796,6579,65a5,0000,26021
Exponent - Got: 00, Expected: cb
0078,4278,12fc,c7d9,7616,9f7a,9ec4,e8f9,3568,7f02,b37c,391a,01e8,f3eb,a6cc,a481,dd88,5233,5c57,932f,6dc9,5152,3970,ff02,bc7c,8a04,7610,e4fc,ac35,f62d,b081,95a0,75e3,75e8,5
Exponent - Got: eb, Expected: eb
0dcf,fa14,b8e0,1591,2ffa,bf25,5b1b,b76d,2143,0bc1,9196,7b35,4483,88ca,535b,713d,ac9f,9006,98a6,de17,f06b,974b,22a5,a7a0,14ef,a106,9fc4,15fb,fb10,dae6,22d3,8056,7102,7100,2
Exponent - Got: e2, Expected: e2
2d69,d973,c801,c7d1,021e,679a,19d5,bea6,4e5b,1607,75eb,0fc0,9bdf,0328,052e,16a4,bb89,aebe,9e63,dd9f,3de4,529f,5bfa,31cd,42ee,f5eb,28c0,0a91,20c4,2385,e082,dbc3,679a,0000,26522
Exponent - Got: 00, Expected: cf
4b51,cd87,2fdc,c883,f1d2,44b1,fe78,ab84,95d3,5438,8890,8d81,22da,841f,0ed7,b70a,32e4,4581,7f4a,0f34,c02a,1f2a,0b94,8083,6742,ff0c,53f2,4dd5,e80e,ae5e,5e82,2abf,f1d2,0000,29139
Exponent - Got: 00, Expected: e3
522e,550a,0320,3126,7cc4,9f3d,6143,6341,61c7,fcc4,383d,b90d,6d3f,3c25,ed1d,0187,2c44,4f1c,b282,4767,c229,83ed,8daa,5231,eed5,1048,b868,a518,1052,b2f2,8517,c3dd,eed1,0000,28370
Exponent - Got: 00, Expected: dd
b817,08a7,d376,5d50,29ea,4d39,fbe3,b2d4,9eb1,d3cc,456b,e721,3eaf,1f12,45ac,bc27,ce9f,62c2,d287,f0e2,ef83,e89c,6e4d,fbd1,de66,7c5a,0022,86a2,052f,cae5,8a30,0324,f0fc,f080,124
Exponent - Got: e1, Expected: e1
29c5,92d6,ba73,9dc7,b33c,395a,0fa8,39b7,a804,e054,0894,3385,b0a2,8b43,8695,02d8,a6dd,9ed0,95ed,6386,aac1,fbd4,c923,0871,d421,d7c9,9626,5c8a,b6b3,a51e,7bd4,c823,6386,0000,25478
Exponent - Got: 00, Expected: c7
592c,ee9e,b2c3,b166,ef84,1d5b,d3a1,b646,1aaa,b01f,8ebf,ae62,4bbe,faa9,a91c,9d4e,4bf4,ce63,6d3f,9a25,5c51,7aa9,601c,2ddc,0487,ab4e,4798,d317,1371,9517,dbfd,e30a,efa6,ef80,38
Exponent - Got: df, Expected: df
2876,27a6,0269,842d,4465,e1ad,092e,42bc,e339,aebf,3a22,bcd6,e42f,ac27,60bf,41be,febd,b000,bf60,a21e,80da,455b,2111,b713,7ebd,5d00,91ba,9e19,0165,ca27,cc73,252b,e461,0000,25698
Exponent - Got: 00, Expected: c8
cd58,5ac2,cef7,c8aa,31bb,3718,fd76,e70c,05c2,2f49,b757,3ff9,1dc6,147d,2f15,360b,0ca7,f17e,b51c,7d76,660c,9dc0,ecfb,61e2,81a1,42e2,d2e7,c082,d583,f2e8,910d,716f,f2ea,f2e0,10
Exponent - Got: e5, Expected: e5
9814,9824,7e14,a5e8,c0a3,37e2,8b0d,c15b,2019,4219,58dd,852c,9926,d594,b13f,039d,1cda,1863,1493,207a,9eba,e507,9d0d,2577,d4fd,fe14,9ae8,5fdd,1822,0a92,f207,f223,f295,f280,21
Exponent - Got: e5, Expected: e5
42ec,3969,bb5b,e8ed,3a7c,b908,947a,c1d2,1ed1,10ac,4f8d,8e52,fbce,d9b9,bc4a,edb2,82e9,95ac,0f87,9c58,5760,7bce,4ab9,de6c,82d0,59d5,4426,512e,1a0c,1538,2f12,adcc,edb2,0000,28083
Exponent - Got: 00, Expected: db
61a6,18e5,a994,f3c7,87e0,a8ef,e27e,3c3a,2ec2,c01f,205f,17df,0430,9a38,210c,c24e,044a,10c2,8863,97b3,045c,1154,b476,d09e,20bf,3f3e,5ac0,1875,1905,3877,73c7,9ae0,e22b,0000,25132
Exponent - Got: 00, Expected: c4
a42a,91e2,6a41,96d5,c8b8,8729,f067,ca47,0a13,84c7,520e,7f2a,bf54,ff2a,f054,c0b4,de35,08c9,0a98,4e8d,b750,983e,068e,9703,16ed,e180,d843,e933,4c21,5af9,480c,1d9c,f0dd,0000,28894
Exponent - Got: 00, Expected: e1
c1f3,4ab0,2425,2f2d,ba33,d987,81f4,7df7,28cc,899d,97ce,8761,422f,8f6b,d6b5,8858,0748,6d46,561c,e1b0,ce73,812f,2ded,40f6,fdf7,bbcc,c9bb,5ee8,2855,b545,2f6f,c4f1,6d46,0000,27974
Exponent - Got: 00, Expected: da
22db,005e,39de,5c2d,47d5,441a,5412,ac3a,85e2,2069,3869,ae59,1545,e82f,6e3f,5d23,1b59,792f,8a1d,4649,4885,6954,aa86,c453,291b,d789,5666,c14a,7848,ecb8,f961,06d3,6e28,6e00,40
Exponent - Got: dc, Expected: dc
65db,39d0,71a3,1f80,45bf,1af4,71c1,d562,9248,d96c,a3de,7f19,bda7,dd1c,11a6,4405,f1cd,e96e,8b3c,752a,1f40,317e,829c,2c99,ca80,cd15,51cf,5aac,ff19,60a7,cfa6,15b9,752b,7520,11
Exponent - Got: ea, Expected: ea
a8b4,c6e5,1628,2604,c148,4cca,9cd3,af2a,2cf4,ddad,7f56,4028,6aa8,a87d,986d,661d,4391,ff56,4328,81ae,852d,1367,3e81,a0bc,18fd,d58c,2127,a2a5,36a0,50cd,5d2c,e296,6aa8,0000,27304
Exponent - Got: 00, Expected: d5
2ae6,fb33,8e05,ee59,23c5,b8c2,7b33,e105,8d87,275c,5a12,2626,4fea,39f5,e0c6,9087,2466,11ae,240d,1d05,da7f,d40b,5563,e909,ba9b,4d2e,f034,88d4,90c5,dca4,941d,3875,f042,f000,66
Exponent - Got: e0, Expected: e0
3f90,13ef,9608,d724,1f8a,8135,d177,2515,921f,7cfb,5cc2,fcfb,9bc2,c275,52b1,b254,3030,5850,0ee0,c2fd,e038,6bf8,392f,649d,d914,dba6,4b91,d546,5f6c,eed2,a98f,1d1c,eece,0000,28367
Exponent - Got: 00, Expected: dd
613e,8a7c,9868,9958,1a6a,86de,0853,5883,ecf2,b7ab,ec04,06dc,47d1,a71e,5dd0,396b,cdd9,3402,12ea,ec4f,3257,fbf3,66c4,1f09,eb77,8161,8823,7bf3,89c4,99d7,c724,47aa,ed5d,0000,27998
Exponent - Got: 00, Expected: da
8a0b,63df,aed8,0585,6ece,8193,8850,0940,0352,b1d4,63b7,2eb0,3aed,cbd8,b64f,a0e3,3562,1988,cdbb,24e0,86a9,85e4,b1ef,434c,10ca,066b,d4a7,eece,0093,5852,c262,c966,644b,6420,43
Exponent - Got: c8, Expected: c8
2aef,db7a,b24c,b428,4940,23d2,3d15,c82f,da7f,7e0b,5c37,814f,a38d,ad8a,0251,8615,1859,0029,8a69,633d,d4bb,17d2,2d7d,3467,cfcf,c790,e61f,3c13,54ab,24c2,fe0b,ab37,e620,0000,26145
Exponent - Got: 00, Expected: cc
8755,fd1b,4021,8ae1,d7b4,7d1b,0d21,d57b,1211,2e75,3769,cb47,c111,d0d3,13b2,db15,b1e3,4040,a2c0,dd85,557e,f054,dab4,4201,b8c5,baf4,a481,5388,872f,2fe1,73fe,1299,73fc,73f8,4
Exponent - Got: e7, Expected: e7
a94c,ff1e,df60,ecde,3287,6922,c370,18f6,e347,4541,af8b,b214,0c70,a668,8124,4926,bc34,7e4c,4fb0,ab2f,17b9,73d6,bcb1,5d88,cd33,3469,d441,9fa9,7ed6,efab,3eb4,dbc9,73d5,7380,85
Exponent - Got: e7, Expected: e7
5401,4ae9,fe3c,bcc0,5fb9,2346,fe80,157d,5217,e973,c261,1da5,7ede,33a3,5504,6cae,b1f7,2554,1e1e,51a2,4581,d14a,9668,3f44,103a,889a,5f0b,e775,3bfb,234c,6e0a,1856,6e1f,0000,28191
Exponent - Got: 00, Expected: dc
d67a,0f56,20c8,1489,fee0,391d,742f,cb07,3751,af7f,33e1,53c6,24e1,94e8,dbc1,2236,d7f2,bedd,7ee0,0e1d,9b41,4837,bb67,b5d1,e2fa,0fbf,7060,6280,f245,c4e1,1328,a30e,7424,7420,4
Exponent - Got: e8, Expected: e8
da92,d9a7,1dd4,d4ef,3e86,397b,21c9,ddca,0cf1,66a8,2a65,6771,27ff,2e70,382c,b95c,652e,0464,276c,0222,62a6,7de3,1dd8,fde3,00d8,96d9,87b4,17bb,5f54,2eea,2e37,3dab,67a8,0000,26536
Exponent - Got: 00, Expected: cf
a3aa,0c6d,8f35,cb6b,703d,d19d,2d7e,14a4,5d8d,6876,4726,2a28,bc7c,e004,62c4,7b01,6db7,58ac,6b1d,8e8b,4f56,b248,c12c,37ae,8041,fb01,a0b7,4a36,8f22,38bc,d1cd,d52e,7043,7000,67
Exponent - Got: e0, Expected: e0
3943,e5f1,367a,3896,fb67,d751,12bf,ab5a,da8c,5e39,3ec5,5ff8,2747,c6c9,2f04,b05a,53ba,539d,d67a,8956,d1c4,7b67,da51,23a5,bca2,dd5b,ca21,e9f5,9966,dbd4,df63,a61d,e9f6,0000,27127
Exponent - Got: 00, Expected: d3
2245,a541,1a4b,56bf,b7d2,5a3d,8bc9,b89e,046f,3fa7,cc18,d980,dc33,8f4b,5c95,136c,3e4a,7cb6,65cf,7cc4,fd3d,9987,6d74,20ae,536f,6409,6081,6200,44c4,014d,800f,9ecf,6d74,0000,28020
Exponent - Got: 00, Expected: da
e021,37a1,178e,e021,25a1,77aa,91c5,09a6,8635,4e79,32a5,9580,38ab,3c1a,aee2,a53f,37b5,069a,5417,017f,d6bd,4850,32c0,82a5,c4e0,8169,562b,0c47,f79f,f5b0,045b,8c93,e0a0,0000,24737
Exponent - Got: 00, Expected: c1
7a8d,2d38,5562,6748,4986,8695,aed8,8185,b3c6,5f21,8fdf,2300,9946,a3f4,d7b3,6cdc,e305,c383,d2c4,2261,d465,fa8d,6a38,c4ec,c865,4eb5,6968,09ba,5329,d1cf,1dac,4897,6ce4,0000,27876
Exponent - Got: 00, Expected: d9
5b99,a96e,41bc,1e3f,63c3,59c4,d477,061f,add3,1048,1868,fe58,89a4,d3b7,19d0,ade3,5678,26d4,3d99,65a2,b5e9,5cc2,14fb,ec12,b54a,fea0,935d,5b3b,db4d,0bbb,b56c,7f06,ec12,0000,27667
Exponent - Got: 00, Expected: d8
a097,b016,84f6,927f,7e9b,bea6,005b,fe9b,e7a6,4fe9,1736,6c98,b041,4761,dfaf,19d0,0fe3,033c,ae3a,57e6,b6c9,0fe4,04fb,f032,df52,da6c,3ed8,aea5,12b8,a89d,588c,933d,f031,0000,28722
Exponent - Got: 00, Expected: e0
a9d7,e344,cb82,a095,0694,7999,252a,47e0,9b6f,f999,402a,302a,18ca,487b,4a2b,c07f,b63f,e293,0f96,d209,8ded,dbb6,6181,bd02,10f8,3ed9,00e4,c9e5,5736,ba18,416c,14ee,e37d,0000,25470
Exponent - Got: 00, Expected: c6
c943,5211,a2f5,eef0,b12d,890f,bddd,7de6,009d,53dc,f07b,b95b,4ae9,b83c,164c,9d60,9e5a,fde6,319d,d8be,c48f,ccc6,0adf,9d0a,1ab0,2885,4194,0417,3bdf,6c68,60b0,1e71,f08c,0000,28813
Exponent - Got: 00, Expected: e1
34a3,900a,3baa,ab5d,874b,a685,5888,3e39,4a05,a3d1,32d6,2f33,35ad,7c86,65ff,04f4,e5fd,d976,f144,0ba6,c231,71f5,e456,2c1e,a9c6,4b15,42c3,fc86,0aff,f12a,8a48,eb5c,70f8,7100,8
Exponent - Got: e2, Expected: e1
dc29,d9d1,a822,39f2,7b01,3fb7,b608,a364,af22,66fc,8f31,a06f,02ef,eb2a,c87c,00ec,9bed,059a,6111,3f93,472c,00a2,ee23,953f,bbd5,95e2,8449,fb01,e4b7,3ebe,9b43,2eb5,ee26,0000,28199
Exponent - Got: 00, Expected: dc
714f,c06d,1aad,b3d8,8cbf,9666,54ca,86e3,c92e,d73c,2992,b741,246f,5be7,3890,1ae1,4e94,e709,1487,cd6e,e174,1bb6,3601,7c2d,3195,0ab6,eb23,ac35,fc2d,3895,13a4,b683,714f,7140,15
Exponent - Got: e2, Expected: e2
6543,6b49,d5df,7db4,ba4f,96fb,0d16,5c8c,7335,7e93,06ae,3523,d989,dc7a,8142,fec0,ed3d,4ba7,e6f0,6f3d,9aa3,4156,d454,f2fc,9219,917d,ab1f,7589,ad22,9af8,dfcd,7532,75e4,75e0,4
Exponent - Got: eb, Expected: eb
ca0d,7ad9,9c6c,0854,4144,32c6,4923,af71,da6f,3a1b,54af,27c6,3c09,5431,fad9,536c,48ca,cadb,d38e,4da9,d572,dc58,27e0,cdaf,3bf4,3c83,323a,a8de,180f,b7ff,0f50,d34e,dc58,0000,23641
Exponent - Got: 00, Expected: b8
1016,21b6,d875,5085,ab64,8532,62b8,fa7d,6cc9,6c50,5688,8625,9c69,5511,81fb,a438,ef70,1eae,d713,7a7d,1fc9,23b6,3671,de5d,d4a1,bb48,863e,d8b2,6783,6b8c,8a5b,d98f,ef65,ef40,37
Exponent - Got: de, Expected: de
49a3,b3f0,8697,fe5a,7f26,9e58,f164,0586,b00d,902d,724d,73e9,e74e,0100,4b02,cf14,3f8a,6975,3ce7,315e,c8bc,5c2d,8dd5,1f8e,4831,58e1,4610,8c9c,1285,9fe0,fedf,24e2,73fc,7380,124
Exponent - Got: e7, Expected: e7
254f,32c5,e9e0,0c33,aceb,b772,8c9c,0e85,91d8,52fb,ec9e,2ec7,af5a,b484,a4ed,9ce4,24dd,dbd4,0d63,b7b9,0096,2b17,3c81,60b8,6679,cef5,8c28,1d30,7b0a,bb7c,fb0a,e47c,eca1,0000,27810
Exponent - Got: 00, Expected: d9
0ce0,b6f9,4dd4,7e4f,3373,93d5,81b2,a431,0539,0973,a3a1,a2a6,0a63,8cb7,626e,992a,8498,9191,22f2,dc37,fe4f,3c73,e4cb,4fc2,2ddd,f0c6,aca7,063e,afb2,ec6d,caf5,a220,f0c6,0000,28871
Exponent - Got: 00, Expected: e1
1fb1,4bce,54d9,ba30,2944,ac16,44ce,9dc7,d93c,bb8e,4979,53ab,d3cc,ab6b,8cfd,b6a4,90c9,b3a8,60cf,d9ce,55fd,7e16,816a,6ae8,5e3d,cfc1,9a1e,5aaa,a49f,fe16,506a,8a4a,6ae8,0000,27368
Exponent - Got: 00, Expected: d5
ed68,16b2,021f,ebdb,6acc,e919,fa8b,2dbe,f065,82c5,d680,352d,c607,4e4b,4a17,1343,dda5,a35e,8998,7a8b,20be,3d7f,44c5,8b0c,1d1a,01a0,2fa3,f13c,ebde,d589,2262,28a6,f176,f170,6
Exponent - Got: e2, Expected: e2
7ae7,65d2,b999,24aa,0463,42ab,c2ee,04eb,3022,c4c2,29cb,8558,1852,1ce2,105b,7abb,908e,b42f,0a87,6352,3914,4266,1362,bbc4,9fb3,ce4c,96d0,bffd,09c2,fb51,a2e7,de62,65d8,0000,26072
Exponent - Got: 00, Expected: cb
d25e,4c7a,0262,a6e6,482b,467b,3c37,738f,60a8,0e69,7235,bd91,6aaa,38ff,414e,164c,d560,feca,11b7,e054,bc94,dced,4c14,358c,88e7,be36,7eca,ccb7,6eee,ddb3,0cc8,98d1,73a6,7380,38
Exponent - Got: e7, Expected: e7
6485,870c,3502,3fe8,3597,443c,5bb4,6a03,7a17,3b23,6795,a61a,11d6,4a75,a3a1,10a6,2307,5681,a46c,a624,9468,4b40,11d6,da75,8481,63c8,db0f,2d79,5b63,2f15,6e0b,fa17,6e0c,6e00,12
Exponent - Got: dc, Expected: dc
c378,e6fe,30b3,0212,ba96,6463,aa6b,47ff,1eb0,428d,3948,3f3a,afc4,119b,fd78,7e82,30ff,295e,d08c,dc2d,40d5,0114,e416,b65e,d0b2,3b93,3124,fe46,b23a,b1de,593d,42cf,e6fc,0000,26365
Exponent - Got: 00, Expected: cd
cbdb,ea8c,4059,4499,6850,9c80,a7b9,e8b6,98e7,1016,0db6,3c2d,8515,ff5f,6d61,affb,dc64,aedc,0e81,badc,80a9,bde8,a493,d51a,9630,6f1c,8ec2,7f5f,6a61,1ef5,6b88,5d5f,6f2b,0000,28459
Exponent - Got: 00, Expected: de
48c7,8b96,4d01,61db,03d8,07df,7e10,9aec,0cd9,8a80,1795,4cfa,eee3,37fe,b011,b531,b21b,33bf,dc18,bda0,10db,663a,5a76,3d42,d7b8,e017,7417,5f3f,6641,cecd,fe10,ddec,7417,7410,7
Exponent - Got: e8, Expected: e8
4e38,eaa4,3671,b65d,8671,093d,0a6f,3fbb,cd04,239e,6a59,fecd,8070,c370,72f6,dd93,04e8,56e1,860c,e000,bdc0,a0bb,133a,ab9c,0fcb,cd14,8d8e,bf15,932b,7ecd,2b70,9926,72f6,7280,118
Exponent - Got: e5, Expected: e5
7118,67fa,4bb5,3c62,209a,085b,da8b,6bfe,4aa9,367c,8d10,6c0a,d652,bb7e,d988,f03b,a91b,d489,e760,9eae,1213,2ef7,876a,b2e4,f281,0b24,de32,9d0e,fdb4,214f,1ccd,7db4,f268,f280,24
Exponent - Got: e5, Expected: e4
d360,44c6,85cf,e304,19c2,eb71,1ee7,0f1a,fb84,0573,43b9,317e,349c,25f5,1cfe,bd47,97fd,4592,4d99,d142,bc60,c918,868a,8907,13d5,04b2,0c3b,b8e3,2b52,7b84,d673,611f,eb71,0000,27506
Exponent - Got: 00, Expected: d6
3430,c058,0bd8,c3cf,0188,158b,8760,f46e,be06,3cfa,fe03,c13f,b37d,a55b,16d1,aebc,a6e1,dfec,5b53,2725,342b,5483,06ea,ce67,483b,a46b,d5e3,1e88,26b5,ddb8,7e03,603f,f46e,f460,14
Exponent - Got: e8, Expected: e8
d441,b5a9,7e82,dcff,1286,b523,b289,c1ac,ed2f,3d35,520f,256b,91e1,fe82,0dff,f424,92cc,6ce9,ba70,cf04,cb9a,4e8d,ad50,be0a,65f6,b6bd,de90,d32d,27cb,ab44,df12,2c2c,f424,f420,4
Exponent - Got: e8, Expected: e8
fe28,73d4,0c33,b2eb,734e,7e28,40d4,f155,55f7,729c,c779,2cb7,2f2e,20f0,9eb1,39cc,0ebf,ad62,0eb8,c0a5,e264,5ca0,4619,30d5,f1f4,d117,9175,0f17,94c9,e1a0,0263,0ca7,7426,7420,6
Exponent - Got: e8, Expected: e8
18b6,6d07,fa1d,46a9,b864,1214,0730,833e,e5b8,3473,1cdb,d622,270e,58c0,1871,2401,2a09,7a1d,d1a9,1a4a,c8fe,d4ef,2086,9347,1da1,e3da,949d,36f4,8199,dcda,6fe3,4ffc,6fe7,6fe0,7
Exponent - Got: df, Expected: df
3901,d533,d059,61b9,db3a,300c,996c,015e,c2dc,be59,c165,33a7,2a00,d454,5efc,b741,006f,fdaf,9d94,7daf,8a94,e281,2d04,705e,313e,0adc,89c9,629a,c0df,549e,5bb7,c6c0,705e,0000,28766
Exponent - Got: 00, Expected: e0
985b,d1ab,84c8,bfc1,8cfe,1267,6b83,1d94,2eaf,9f32,928c,40a9,9268,954c,b966,5f94,082b,d6fb,5396,b6b1,839c,179b,b174,6f16,fa48,13bc,da9b,b9ee,bd1d,3127,c685,7a48,6f17,6f00,23
Exponent - Got: de, Expected: de
6eed,f170,8692,551f,d475,ee9d,1c00,6838,26e8,aea5,8ab8,57ad,d642,856e,1de4,60df,9fde,7f61,e3df,c5d8,c653,df1f,ff61,18df,072e,96a0,0d8d,48d6,57c7,5ea8,1e15,d569,f16d,0000,29038
Exponent - Got: 00, Expected: e2
b78c,9de3,ee18,abc4,1b93,4b64,5af2,90c7,b626,3aca,ca3f,3a6b,20df,475e,0a50,fe44,aab8,3ded,98d6,3267,a3c3,7e44,d3b8,941f,32f7,8552,50d8,6479,b0f1,49d0,9f43,82bd,ee18,0000,28185
Exponent - Got: 00, Expected: dc
41c9,630a,954c,1166,e2c4,d601,47ed,0c22,a6ba,5b77,8001,eb41,9cd7,382e,53de,46f9,9634,0c18,7e00,f0fc,041d,bd55,336f,44c9,fe00,4bfc,e66b,8567,93ad,ebca,6e9d,7100,6ed8,0000,28376
Exponent - Got: 00, Expected: dd
0a5e,87ca,ac45,b45d,4475,e3bd,573a,ff14,81ea,9269,8d0d,0557,be9d,6ea0,547d,dd95,a16e,1fac,5c93,34ea,9003,49e3,a7b0,4cff,cda6,cfbd,3d62,1d98,93a3,2844,7f14,94ea,6ea0,0000,28320
Exponent - Got: 00, Expected: dd
e5fa,64b1,7838,a6c8,bd85,23be,2079,5079,ce99,db44,3df2,4309,8bcf,0b18,090e,a89c,42cd,4108,698a,19d9,e5aa,8ee1,27bc,def3,458e,bc85,d0bc,c41d,d6d5,f838,01c8,69cb,6a2a,0000,27178
Exponent - Got: 00, Expected: d4
b893,7322,a144,eb06,2950,2502,61c8,3d0b,d3b1,0c56,2dce,d615,e2f9,e57c,a1b6,e375,2bf3,cd64,bdfe,7305,94a3,f14a,9e28,e714,cbda,6ccd,4354,1ad2,1667,7d8b,1db0,fd8b,738d,7390,3
Exponent - Got: e7, Expected: e7
f179,26db,0c56,fdce,abb5,c1a2,68a1,ca30,21a4,54e7,e78e,e7c1,404e,054e,e8c4,2215,1d11,056b,cba1,2276,19b2,ef01,169f,1f72,51cc,1c6f,8197,e954,df86,d7b9,0c56,7dce,f181,0000,29058
Exponent - Got: 00, Expected: e3
f4a1,6f08,9dd6,516d,188f,ff7e,f300,1ce6,895f,9f8d,4ff2,33ed,3aca,583f,234f,b4c9,3de0,d19b,acf8,75a1,b30a,10ec,57cd,ee22,7f7e,dc00,afb8,d8e7,5296,cbb3,e8e4,6a35,756a,7560,10
Exponent - Got: ea, Expected: ea
0c0d,0555,5e1f,df63,5a1d,4fe9,a136,63f4,7833,ca03,9357,07b1,ddfe,65c5,384e,39be,2c4d,3f55,6c6b,5a73,cc07,3a5f,81eb,3e28,2454,091c,3c0e,e3f6,93b1,8ed6,5c4b,f833,6c6b,6c00,107
Exponent - Got: d8, Expected: d8
0027,fbe7,b3d0,a0b7,ba36,ccc2,addb,6440,ba88,c7fd,1f32,b58c,7be7,b2d0,d7b5,455a,f150,4cb2,c2ab,2bee,b439,5111,f1f3,b4d0,b5b9,8c92,ab0b,3e9d,15a0,058b,ed40,9e9a,f22e,f228,6
Exponent - Got: e4, Expected: e4
652d,24a7,1b2e,9098,dfb9,d646,7c6a,2a12,dac6,2cf3,fc6a,9512,70b8,3259,6c7d,99e5,9796,5939,afcb,2854,d304,1ba2,5915,04e7,5b2e,a218,c15c,23de,8819,cd49,2693,881e,70b8,7080,56
Exponent - Got: e1, Expected: e1
cc88,4311,11d7,0834,5b24,ac92,6b4b,695d,64cf,abc6,b911,c623,1d6f,d095,7674,c798,b417,22bf,ad3a,2ce0,46b9,f674,2098,d4d9,1d30,610a,9548,e262,5b26,5410,b6b8,19d5,6b59,6b40,25
Exponent - Got: d6, Expected: d6
ad62,2eb8,08e5,41b4,ca37,f863,a553,84d9,7790,8f7f,c7a1,406e,e56e,c124,2da6,187d,010d,ca4f,781b,482b,187b,b08b,ad2a,d8f0,6141,c3c3,1484,69ad,5e3e,8502,b288,5bed,69ad,0000,27053
Exponent - Got: 00, Expected: d3
3d11,4d2b,a971,5e63,e41f,6417,9b1f,c7e9,0626,4daa,3fb1,678e,4ec1,e61c,60d0,5211,7af5,5940,c3f2,faf5,e040,4580,590b,8f79,2e27,71bb,8998,828b,9b4e,55f8,2f53,d3cd,71bb,71b8,3
Exponent - Got: e3, Expected: e3
df4b,3a35,2901,3b13,8ba5,dbf2,dac5,e030,41f0,df73,fc0d,9cb5,72cc,6729,f1a7,e384,9b43,e4b5,323c,3f58,5326,5a00,26b4,43f9,873e,e1b0,de73,610f,7c0d,19b5,44c6,39cf,72a2,72a0,2
Exponent - Got: e5, Expected: e5
8cb4,26ad,55a0,8d0b,2ad1,a6c4,6a89,801c,041c,1714,263a,0ef6,b36b,82cd,2088,d6c9,ab24,6372,bb34,5f42,237c,cc3a,2922,fbf0,ea07,e613,071f,b0d1,7bf0,db07,5771,b99f,6a0a,0000,27146
Exponent - Got: 00, Expected: d4
7e8a,6cf7,bfee,df11,e0ef,ceee,00f3,7032,6052,6412,9a5a,1bee,4e59,b685,0ca8,68b1,bc20,e958,fe8a,73f7,ead0,b105,7127,e605,7089,5828,ae98,91c5,e9a6,87f5,01ba,cf39,7400,73c0,64
Exponent - Got: e7, Expected: e8
2d08,2552,6398,255f,7ed5,6368,efae,dbf1,4606,4b0a,431c,549a,10b3,4252,0856,e9c6,2395,a692,ad5f,c3c5,2102,cdc0,885b,c38b,8ccc,fed5,1268,be4c,0e30,262c,ef60,d0be,f00f,0000,28688
Exponent - Got: 00, Expected: e0
e0ca,7d8b,97b0,e69f,e292,57d7,b2b8,53dd,0a3a,b2ae,884b,af9b,ee04,ead8,df0d,5bf3,7184,3267,f3c3,12e4,9bc1,5eb6,fd8b,44b0,5839,bac9,21fc,64bf,15b6,961d,0671,083d,f3bb,f3b0,11
Exponent - Got: e7, Expected: e7
6388,b94f,29fd,26ee,9b23,0ad5,ef80,4e5f,1103,19e1,5992,cba1,4e76,156a,37c0,01af,366c,2b00,df56,3f68,a316,3bd0,4ba7,0af0,c6e5,6428,44e0,4669,32a5,6f80,4b5f,4a09,646c,6400,108
Exponent - Got: c8, Expected: c8
1ced,9394,e1b3,d4b0,c719,d8d7,72a6,59c3,fdb0,744b,1063,b883,0132,7db0,154b,49a1,5b72,a944,1f16,3aa8,3add,2de8,a9b3,5620,d68c,c621,61ed,b06e,488e,bd9f,6324,a2e2,7460,7458,8
Exponent - Got: e8, Expected: e8
d70d,3be3,3554,643e,cb76,ed60,caba,e1af,93ac,878b,8844,ea54,a880,fbd1,9c66,b2de,0e3b,94e7,4a0e,471a,2914,f246,ea22,c576,cf7c,59e2,7bd1,5766,b248,ef2c,0ff2,1d6d,f249,f240,9
Exponent - Got: e4, Expected: e4
40ed,7b2c,02da,fc5f,4a67,e133,1231,3655,8d79,b423,9b8b,ae7c,8620,d12c,618e,accd,c0d4,8055,8a15,dc41,a3b9,6cbe,09e7,7c34,f1cc,c52f,0d65,8e3f,82e3,6f26,1a78,624c,f1c7,f1c0,7
Exponent - Got: e3, Expected: e3
2dc4,dc9f,1ee6,1d5b,4ba1,6f76,ee28,19f4,dac7,9eb2,cf0f,7b51,dfe7,e798,e857,0047,9187,2f64,483a,d82a,911a,32b8,70dd,137c,825a,45de,a6d5,c4d8,fb51,b2e7,1042,3ae2,70f6,70e0,22
Exponent - Got: e1, Expected: e1
b479,3351,d977,b705,f32b,7e0d,a5b1,60ba,88fb,2f2a,95f4,1ddf,0624,1928,ef1a,9e44,b278,dd1c,99a6,4315,d2d3,19b6,a405,fe0d,dcb1,5948,a1fa,5439,00d1,3890,96e1,f38c,f3e2,f3c0,34
Exponent - Got: e7, Expected: e7
