670c,00c2,8a43,5997,6ee4,b339,481f,614f,424d,8b89,fede,42a3,bce6,8e1f,88c3,b712,e4fc,7435,919d,c9fe,b1ed,33ce,8e29,4975,20a7,7f26,9258,697c,5aae,839b,fe5c,daa0,7435,7430,5
Exponent - Got: e8, Expected: e8
1c03,6cfb,0ee2,7e7f,3b43,57f5,e81a,dd4a,6070,86b0,0fbd,42e2,1ce7,1f1e,4ca0,3639,1e15,b969,725b,fe7f,6443,2e4b,aad7,2c42,a89a,154b,45a1,116a,13c8,2fef,3070,0410,725b,7240,27
Exponent - Got: e4, Expected: e4
5a52,a666,64aa,ace3,897a,4ee8,5075,7195,2036,1bf6,ca41,f195,8536,1bbc,148b,2c62,baba,b54f,a5e5,27ee,c221,cde5,033e,e0b8,6779,97f7,2b18,654e,be04,ac78,c920,c4b2,6786,6784,2
Exponent - Got: cf, Expected: cf
5bae,5899,c868,e9f8,a42b,7da3,5b98,e32f,cb29,2aff,ef6a,6834,a3e4,fda3,c498,3911,8723,32ed,5bc8,e97f,a76d,5963,8111,b853,0de3,d538,1e92,582f,255f,80d5,0e94,af89,ef6a,0000,28523
Exponent - Got: 00, Expected: de
533c,389a,9c6b,5f93,0bec,28fb,946a,6dc2,0b99,39ce,0e3d,1961,8913,dcc1,5d38,0382,0505,d64f,aa23,57b7,78d8,3e29,1e15,e769,20e7,df66,8b58,5c4e,1776,f8d8,5b29,dfdf,6dc2,6dc0,2
Exponent - Got: db, Expected: db
bea9,0394,0893,9442,93ea,c84d,fe9d,0420,3628,e644,0a88,7e9d,4d20,a9ba,2c69,0471,5839,2ec9,1ed4,9de9,1292,cc37,de6f,0813,e8c3,71d2,a7b1,ecbe,5ce7,259e,0255,d111,71d2,7180,82
Exponent - Got: e3, Expected: e3
cd34,39ae,ba5d,1a69,ce1d,44c1,1c08,aa30,a564,fb2e,3358,d73e,1f10,7b2e,8058,8b58,ae4e,3e92,3e6f,5fd3,0bac,f0bb,9d9a,dc21,85d9,4292,da97,20e2,5a23,d857,a427,2eaf,f0bb,f0b8,3
Exponent - Got: e1, Expected: e1
625d,8dd9,ce82,079f,5650,46fc,d771,ae9f,6202,2646,518a,29a9,05ba,ab31,3827,5397,def0,074d,7c03,c63b,6977,0065,5125,c8c7,b696,c47b,9b33,dcc5,5e3c,c180,fc03,273b,6977,0000,26999
Exponent - Got: 00, Expected: d2
4977,1825,4555,6c9f,a386,d141,62a3,fea6,96db,1136,ca94,ae01,151d,3077,a3d7,3f50,472e,0820,8630,4d3c,7ea6,07db,8914,cf06,b918,906a,a3ca,d40d,14e5,438c,540b,5863,6c9f,0000,27807
Exponent - Got: 00, Expected: d9
c1da,40d9,aa18,ed4c,1f96,9629,8b45,6913,e301,be87,823a,53be,6899,a608,6344,0e82,d81f,9e6f,9093,5372,1f54,dc6a,fb52,ee24,42f8,c07d,ccbd,1264,0940,7b52,2124,d066,ee57,ee00,87
Exponent - Got: dc, Expected: dc
1087,d166,f744,afaa,bc75,884d,961d,0a71,3e25,1719,ed77,456d,6ca7,e5be,2ff5,76ea,ec87,769e,6df3,37e8,2f87,ca18,ed8c,6157,3655,0f79,bf27,3f99,83a6,3921,5313,4175,ebc8,ebc0,8
Exponent - Got: d7, Expected: d7
4bb5,2062,22a2,1067,d787,8de8,4af3,42a6,1fa3,ad5c,0506,c08c,820d,4c49,6291,c814,7c84,db7d,a38b,6c0c,a1d4,1197,4a74,e7e0,3e2f,8d93,6648,fc84,d47d,e695,5618,9eb4,6c0c,0000,27660
Exponent - Got: 00, Expected: d8
0985,94d6,fa7f,584b,143b,c6d3,399e,fa6d,e0d9,b758,a036,7af6,0b83,2354,9612,09be,d22d,56c9,4c24,efbc,5963,2511,eb1b,400d,05cd,5a86,15b3,2558,c112,0a10,6004,23c4,efbc,efb8,4
Exponent - Got: df, Expected: df
ff2b,5615,71f9,e15a,4a18,c28c,7009,60a9,3e28,c854,1ec4,69f9,4d6a,3f70,910e,41ac,622f,7f2b,e515,bf9f,af20,667e,4532,5b38,e78e,d9c1,3032,8ed2,8b4f,cb99,564e,d762,7205,7180,133
Exponent - Got: e3, Expected: e4
52ce,d3eb,a08c,94cd,72a4,8f41,641f,9317,cdf1,802a,43aa,edad,0b36,52a0,3a05,5331,11d7,e834,d2e4,bc41,ff79,48c7,b796,7f79,dbc7,d7b0,901f,e2ff,24fa,6e33,9a2f,0edb,72a4,7280,36
Exponent - Got: e5, Expected: e5
4e18,ae84,ecd9,8740,864e,6ac2,ac97,c20e,0a0a,da9e,aaab,0f3e,96a0,c58d,ff46,2938,636a,352c,4046,7f46,b038,8b58,884e,22de,8f1b,88c5,4494,111d,0c7f,d5a7,61cc,720f,720f,7200,15
Exponent - Got: e4, Expected: e4
16b7,9f5a,3ae4,2b91,1586,5a2d,85d9,0692,1a1f,3deb,5150,9ff2,d44d,f0a5,ac04,645c,0594,7e9f,07a2,e52d,a5a7,0f2c,8c32,13aa,690d,fe9f,88a2,ad33,96a9,d1c4,1d67,dc9d,f0a5,0000,28838
Exponent - Got: 00, Expected: e1
9c49,8b31,1467,d38f,a5e8,94a3,794a,bd38,f842,5d32,ed08,5cd2,26eb,1666,e9ca,0099,f8d8,9d29,3253,84f7,c43e,f836,ec46,d61e,da32,0f06,6698,6a55,b7c1,4aee,4ffb,5ba4,ed38,ed20,24
Exponent - Got: da, Expected: da
5e2c,5d90,812b,3ce9,00d0,0ad1,2884,3fd5,1aea,665f,db53,7a25,1d91,a7ea,fa25,1691,c0fc,6e7d,29e1,1bf2,6345,d4c3,b3aa,644d,15c5,baae,c65b,2717,b099,1fb8,cf87,37d8,6e7d,6e60,29
Exponent - Got: dc, Expected: dc
a3ae,5169,038b,814c,4f4e,ba50,1524,4e0e,d912,6c20,5ef8,2c45,0d5d,fc07,003f,e1ff,63fc,5e3b,6847,e957,9745,c12b,5669,2685,e988,045b,f093,1fb2,250d,7c07,273f,c2b1,f093,f090,3
Exponent - Got: e1, Expected: e1
9bec,81db,5c18,a8a0,b9f1,64c2,128b,386e,cb9e,5f89,db76,3b40,0336,8eb0,a7ad,09a2,3931,9d03,2cf9,82e0,65e5,c46e,b866,fa96,5ae3,7a96,55e3,d188,5e2b,d057,cc37,026f,660b,0000,26123
Exponent - Got: 00, Expected: cc
19fd,d68e,76a3,d68e,f6a3,618e,aacd,e4d8,2111,4113,db51,96a7,b24a,93ae,6509,4983,49d0,d943,d631,d1dd,0b3e,d0a8,4109,d7cb,10a4,c985,2f56,4088,1c09,b871,3f41,cf7f,63f1,0000,25585
Exponent - Got: 00, Expected: c7
0cb7,176e,8ec0,75dd,1476,cfde,95c1,5eaa,ba97,ce22,653e,e474,30bc,4ddd,ae06,88da,034b,758d,3026,19c6,4c75,8bad,a7fa,f635,3499,e4b0,5d79,1d83,0b78,1b6e,56d8,6475,64cd,0000,25805
Exponent - Got: 00, Expected: c9
ccec,2a75,0161,8523,32e9,1ccc,9df5,198e,1a3d,0149,e90b,a419,2d11,690b,bd19,0e23,d6ff,4a92,3687,b52a,3ac0,8ab5,08e0,d4f1,3518,cf72,b06c,480c,af9c,b1c3,8a60,d374,d708,0000,22281
Exponent - Got: 00, Expected: ae
55aa,4781,714e,1a2c,7f18,d3e6,0fc1,ad9e,0745,ca0b,315f,aafd,56e8,ba45,5e71,6a8d,ff18,16e6,d94b,c239,71fd,a25e,609a,dcdb,8ba2,8035,4c75,6dad,2636,89fa,1869,b019,7232,7180,178
Exponent - Got: e3, Expected: e4
8213,add7,d94c,33fe,6619,6c95,c50c,2786,6a49,94dd,5ab4,db01,c6f7,20ba,427b,523f,175b,5fb5,6c4a,0c12,b08a,5b6b,fb1d,efab,08b4,65a5,1a2e,b39a,107d,7b1d,ccab,0ff2,efa7,efa0,7
Exponent - Got: df, Expected: df
9434,0e1c,6f00,cfde,adc1,02da,e05f,985f,7eaf,bb92,5865,ed95,810e,398c,2aff,276a,e3a4,2f63,f3fd,6f5a,6f04,d8da,51eb,bf88,8af7,5a22,fe16,d26a,434e,fe48,9bb4,4983,f3fc,f3f8,4
Exponent - Got: e7, Expected: e7
7f1e,2460,4628,aca4,e0fd,947c,aa54,2a00,5e54,3de8,9793,367c,9710,663e,2f72,efac,8573,b8b9,0388,8f8f,3b50,d126,d704,49aa,e1b9,ec3a,1762,09cc,00df,ff1e,0760,976e,efad,0000,28590
Exponent - Got: 00, Expected: df
d4ba,8993,ce40,1bdc,58eb,ca9a,378f,a220,ad64,993e,c78c,2d03,2399,7b9e,aae9,dbfc,b14b,18e9,9a98,43ad,666a,8226,66a2,e2ef,10ea,cc4b,a913,e881,a310,2456,fb9e,0fe9,e85f,0000,26720
Exponent - Got: 00, Expected: d0
a627,6eab,d2b6,aa93,e506,f94c,4fbe,30a1,a880,97d1,8cbe,4a27,8373,5eb5,4948,49da,51c9,892a,1ab8,408d,794c,aabe,046b,d4a3,e1ca,5689,0264,4f60,93fe,5959,d3ab,14cc,6eab,6ea8,3
Exponent - Got: dd, Expected: dd
dbe4,d353,e835,fea5,1618,ea34,0ce0,b8f9,4bc8,475f,a611,6d1d,2e87,e11a,8c58,7140,65a2,b3e9,02ce,974b,7ea5,8d18,d202,d526,e70c,4dc2,c1d9,981a,8daa,7031,5491,ac78,716d,7100,109
Exponent - Got: e2, Expected: e2
015d,e01f,ca1f,e64b,0747,2489,fe80,417d,32bf,cd1a,0000,b800,5570,cfda,82c5,7e80,5c7d,bd85,bbbe,b349,986f,409f,55de,26f5,1df8,a7c3,e24c,2288,a6cd,b0c0,05a1,c1ea,e651,0000,26194
Exponent - Got: 00, Expected: cc
b606,aaea,953f,73d5,3872,ec82,b7db,c674,8af8,c3ed,912a,7288,6c6d,41f5,7236,9d52,2ee8,d6b5,e858,dd88,4033,de73,870f,bfc1,d0fe,bedf,4e62,aa7e,feaa,b7d7,e978,7eaa,7407,7404,3
Exponent - Got: e8, Expected: e8
3bf3,4744,06ca,0c47,539f,6af8,e22d,c8a9,2178,413a,4b38,83ae,3f29,5717,b879,3d49,2173,4ff1,832e,51a8,a30b,488d,fb5c,6baa,3dfd,bec6,e23b,313f,409d,7b5c,b4aa,1943,6be8,0000,27624
Exponent - Got: 00, Expected: d7
d73c,a592,7c59,b2e1,0bc4,fcd3,4bea,6dfd,a066,8aa6,c433,1d7b,5381,0d66,d8fc,7c4d,d7f5,131a,dbbc,670b,3305,da23,1f57,32a9,ee8c,d451,cdb9,2262,b6a6,6c4b,c653,bd1f,ee0d,0000,28174
Exponent - Got: 00, Expected: dc
3624,6748,5d86,5ebd,d540,7aea,ac9f,1c06,37be,c251,d595,bf7e,2f80,d3df,bbb8,d8cf,7abe,bbcb,987c,8e4c,8250,fb54,95a2,2a09,281d,430d,70cb,daea,1ddf,b624,4448,5cc0,70cb,70c8,3
Exponent - Got: e1, Expected: e1
029d,dbd8,4e6f,6b33,1325,8043,9983,ac70,cf28,7ab6,31c3,0760,fb6e,1b18,e12e,896c,b57e,2b94,c4c3,638a,8dcd,3996,be65,5c59,52a1,4c44,e7dc,7b13,4d25,d8ff,348e,d367,6b31,0000,27441
Exponent - Got: 00, Expected: d6
3ddc,8aa7,fc72,a10a,42c8,324d,ed69,ecf3,2bea,333d,581b,4a6b,a63f,00b3,7c72,0c0a,3492,4e7b,0627,2deb,6970,37a2,0b4d,501b,347b,18d3,0e22,a6be,c473,493b,d169,3a8b,edb1,0000,28082
Exponent - Got: 00, Expected: db
bdb5,cd8e,0595,e4de,7097,8fb6,b129,1e0b,28f7,9b66,0bd0,67c7,86c8,b1c5,2de6,483d,99ed,bb9e,c769,24a7,7f2e,1850,c260,c3e4,8f63,44bd,ad74,ff2e,6350,8396,ad11,540b,7097,0000,28823
Exponent - Got: 00, Expected: e1
bdbf,3d04,287e,a9ae,677d,44f3,a0ba,017b,23b9,41be,30bd,979c,c9b3,b4e0,e789,e406,b24e,50aa,fc8b,41b2,e3b1,d636,5e1a,4026,db26,6710,1fde,3e61,205d,4b5d,7c8b,1cb2,66ef,0000,26351
Exponent - Got: 00, Expected: cd
6247,ed43,1a59,4c2d,adf5,c9ee,e3fd,db7a,624c,dd88,1233,f2d7,2af2,a627,36ab,ec06,7e5e,3f22,85dc,67d7,a6d8,6395,d212,8d36,6bac,347b,26d3,fe5e,5022,7402,606a,642a,73ce,73d0,2
Exponent - Got: e7, Expected: e7
35db,3370,1516,e4bc,1875,e505,118f,126c,0948,c75a,c454,6edc,9901,8473,5bbb,ebcc,551b,b571,3a5b,faef,3ada,082f,a3ff,9778,4c56,e74e,af00,be5e,66a2,7aef,0fda,6145,6ed9,6ec0,25
Exponent - Got: dd, Expected: dd
90da,a17b,62f9,087c,816c,af6e,c1b0,8c33,19eb,c918,b88a,5b7b,d90d,bdff,2344,a402,79ca,19b9,f9ca,e4b9,eb30,b4e6,e00f,400f,b54f,c1e5,4526,9a2c,2818,e848,5598,1933,eb33,0000,27444
Exponent - Got: 00, Expected: d6
2a8e,915b,a6b9,39b4,bac7,3672,929e,223b,60bf,afbe,9561,180b,b2fb,295e,908c,9ead,22d0,b095,a8b4,c0e5,7624,a3c8,388f,4d3e,2c24,8b7c,a96a,d8b8,3b09,0f3f,42e1,f624,60bf,0000,24767
Exponent - Got: 00, Expected: c1
b63d,3411,6a39,5cad,5f54,8cea,db73,1805,3375,d453,ff3b,2405,270d,0a03,a4d7,2c5e,2f86,ac59,1d41,7f3b,bd05,af3f,41a1,0f62,33fc,c09b,47da,a9d5,47c6,b0c9,53e8,154f,6a39,0000,27193
Exponent - Got: 00, Expected: d4
6c55,4bcd,da1a,272e,4ae0,5275,1791,c9fe,aded,1bf6,b241,2f65,dc7b,7903,6131,69b3,51a0,f903,ee31,afad,edb2,eae9,d37c,5bda,a5ed,51e6,a8c5,16d4,17f9,0f96,3c09,9831,ee7e,ee78,6
Exponent - Got: dc, Expected: dc
33f4,7a93,38a6,5d57,4e2d,31f1,69d2,0b81,cdd6,39cd,5afe,89cb,8818,b508,aa62,adb6,0d6d,d437,865f,fa93,2ba6,e271,cbf5,9522,1288,b6ad,c680,3b0d,b83b,a58b,e600,8dcc,69d1,0000,27089
Exponent - Got: 00, Expected: d3
d873,d703,486d,55bd,4656,175a,23f4,4cb3,26ea,a827,84b7,ba7e,3e8a,6a77,ab63,2af5,55e0,d34b,3e2d,b911,7a23,6217,0313,97d5,15ba,b911,fa23,6317,ee11,e98d,591e,082c,ee10,ee00,16
Exponent - Got: dc, Expected: dc
fc9c,a665,2069,d069,0f89,47d6,96d9,47b4,b03b,fd9b,d0a0,1101,5d63,5d19,ebe3,96f4,3ad9,6eec,8131,9273,2d97,3a0c,4f78,85e6,156d,5a07,ad73,e4e9,5160,7dc2,cfb9,1866,6ee8,0000,28392
Exponent - Got: 00, Expected: dd
12e1,3e84,fbf9,aa4e,169a,0237,47f3,15bc,e497,369e,ad73,6ce9,6470,a0b8,7bf9,154e,64e4,4f2d,42f3,24b6,817f,35bd,0096,0117,32d5,89f0,ace3,377a,4b94,ac03,b99b,d028,6ce9,0000,27881
Exponent - Got: 00, Expected: d9
a870,db20,c096,2097,ff16,3368,b90e,4dfc,be67,16db,9036,2696,8d5b,bc81,97b8,4297,3bd2,a125,3f27,7499,0a30,f024,48c4,4755,7e9b,02a6,b923,7e91,722c,13c8,17ef,1a00,749e,749c,2
Exponent - Got: e9, Expected: e9
6cc4,651d,1a97,7d62,4d18,f382,9ae5,0a90,6885,3514,ce7e,c062,fd62,4218,8a9c,f289,732c,2aca,301f,b5bf,cf14,f18a,a0e9,bfe8,c697,d4da,a3f3,0674,bd78,2e02,4ede,49c3,f32e,f32c,2
Exponent - Got: e6, Expected: e6
0844,6b54,f082,f3e3,12c4,85e1,feaa,5dd7,50ac,710d,a6af,6422,d06a,934a,5cec,9155,a537,2bbd,7eaa,4cd7,518e,5ead,9950,aa62,2bb6,4861,22b1,c4b4,9e3d,9441,9529,ce43,f3e1,f3d8,9
Exponent - Got: e7, Expected: e7
5fc3,bbbc,61cb,73c8,c92f,ad7d,3967,ecd5,9e4c,b870,7b00,9ff6,1349,a32f,d5a9,6042,e002,0742,ebcc,ad1b,7e81,5a3c,9588,70a3,fe82,8bff,a528,3662,588e,15bf,ea54,9a80,73cb,73c8,3
Exponent - Got: e7, Expected: e7
49ee,30fd,d7dc,eb73,6065,9de5,019e,1e1d,7161,4dc3,c798,b417,20bf,933e,1b98,57af,acc0,e799,5216,7f32,bf4c,ff32,a44c,d004,d8a4,3815,f125,f387,b5a0,e2cb,57ce,bee1,f385,f380,5
Exponent - Got: e7, Expected: e7
01b3,fb70,4286,0f83,0f5c,f242,5726,2608,fc44,b8bc,c6cd,b000,8560,a06a,35aa,4741,678f,7c80,3a79,804d,8e0d,d451,4db9,eb62,8c34,522c,8d88,9093,9b72,96c4,34e9,06c0,f242,f240,2
Exponent - Got: e4, Expected: e4
c2f8,af7d,df63,761d,bfb1,928e,582b,a45b,81d3,de10,43ac,582b,665b,5a57,b323,8c85,e0dc,f61d,bab1,e384,9b43,d6b5,2058,1418,1630,a41c,2254,0110,b512,8ef8,0fe5,06ba,6657,0000,26199
Exponent - Got: 00, Expected: cc
b37f,81d9,849a,d313,a875,e465,e2ed,5c68,92d0,47f5,9c3a,6f82,93dd,d9ba,6e89,4a14,7d80,997b,4c89,e850,fd80,3c7b,50c3,5ca2,e69b,8196,5315,46f3,72be,5fdb,73a4,3043,73d4,73d2,2
Exponent - Got: e7, Expected: e7
090b,43d9,af1e,3bc0,21b7,9234,5210,3ab4,efc1,405e,ed5e,6104,8ac6,d853,9723,d4cd,3a24,c950,b2c2,4b27,7a71,26c5,99c8,3afb,124e,8dea,fa71,bbc5,49f2,c1e1,6822,a472,efc8,efc4,4
Exponent - Got: df, Expected: df
4c7c,51e4,6847,d557,293d,a62f,86a3,cf6e,8970,1c62,46da,ced7,188a,463b,e677,487b,e62b,ed27,bd3d,cd07,eb5d,c9cb,d298,fb3d,a58b,1600,ae2c,0a70,8c64,cc7c,6ce4,7b3d,ec85,0000,27782
Exponent - Got: 00, Expected: d9
918e,ff2d,3993,0f20,a73e,23f0,ebb7,13a0,cf87,d3d8,487f,112f,96cd,24a0,9ae9,059c,2097,1f16,1aa8,f09d,4a3c,dda8,d413,7f7b,f145,5de7,fe9c,b861,1f51,572f,c041,a781,f18a,0000,29067
Exponent - Got: 00, Expected: e3
82e1,45a4,e42f,7a27,5f13,676d,3ee3,ec5e,3c06,59fe,28cd,47dc,5053,6a33,fa27,c213,e757,d759,dab7,e2c2,b787,1b28,351e,34f4,019d,8ede,0843,3493,223a,1cfe,1547,68ad,ec51,0000,27730
Exponent - Got: 00, Expected: d8
0949,dd1b,8a61,d735,3ddb,6160,13a2,b905,a537,5dbd,da46,0872,b2e2,e907,2715,d21b,7f7f,5041,54a1,e448,3f80,83ff,1738,4b16,d600,e9ac,ff7f,0541,df0b,c875,b4a5,0c8c,e9ef,0000,27120
Exponent - Got: 00, Expected: d3
2ba1,15b6,1e1d,0f61,3b3f,b489,fba0,1857,8fa7,db78,68ce,279f,4810,1880,d0b1,dd50,c8ea,4dfb,7ba0,0357,ca91,2944,d616,143a,c692,819f,9f5c,d362,4244,27c0,ad8f,0114,68ce,0000,26830
Exponent - Got: 00, Expected: d1
5020,ae80,71dd,9a7e,feca,cbb7,abe0,52b7,5bd2,6be5,bc72,678a,11c5,40a6,afa7,8f38,de26,281a,7eca,96b7,645a,9812,53a2,8385,67c2,ad8d,ed96,67cd,9242,bfe6,d919,2ceb,71dc,7180,92
Exponent - Got: e3, Expected: e3
b8d8,a1a9,02aa,d62f,2a43,f8d7,d0e6,d4c7,98ae,8c1f,18c7,b336,83d0,78d7,05e6,9a6d,bc19,5321,55c7,b0ac,eacd,1258,427c,e7f8,1837,4dc7,249c,81d5,d196,bdb5,db8e,bbb9,ead1,0000,27346
Exponent - Got: 00, Expected: d5
529d,b378,0a1e,598a,1fb9,e1c6,8385,4dc2,e5d9,fc52,6f2a,dd74,83ce,c349,968f,1662,52ce,53eb,8f8c,4b93,a5c4,5b8f,14f8,d6d1,053c,e036,d276,7c52,d62a,b506,c5ec,9367,6f2a,6f00,42
Exponent - Got: de, Expected: de
379f,0e30,bc2c,c054,7ed4,7529,2383,0504,5a0e,f53a,e250,1594,0cbf,7366,0c00,6c18,68c0,6611,da9d,5668,a0c4,8885,fed4,8029,c769,8ea7,5c7a,d042,9962,20d0,6091,a210,f228,f240,24
Exponent - Got: e4, Expected: e4
9f8c,4db3,c1e8,3c6b,88d3,3902,a7f0,82bf,367a,6296,7dd3,1de8,fdd3,b0e8,3f89,8fb6,4d29,21f3,9b70,ae46,129a,3a3f,058b,1740,116e,d2cc,a469,df61,c09f,acde,6c07,9d1f,6c07,0000,27655
Exponent - Got: 00, Expected: d8
8866,9ef6,e44b,fb43,0875,0525,bc6f,3ed7,3d6a,3d90,abeb,5a7c,abc8,e49f,8c96,ce0f,e853,7b43,2375,8673,81bf,a17c,6b3e,c668,21e4,0ea7,ad7a,aaa0,8bf5,33a2,ad45,6b5f,6bcd,0000,27597
Exponent - Got: 00, Expected: d7
3d6a,6390,0957,b285,62a0,0265,3521,870b,4ec5,4f18,8b86,3b11,8d27,8bfd,93aa,4c0d,5fd5,6c2a,3272,a896,bc47,82ff,aa3a,4dee,64f5,e57c,4fb6,7aa9,5e1c,6ba0,0f77,faa9,6c7a,0000,27770
Exponent - Got: 00, Expected: d8
23c1,17c6,a069,8369,622f,f72b,aa05,8611,535d,38bb,980a,3dba,5341,4ba7,dcf0,5d49,cbb3,66e4,4d29,c3f3,c8b4,3425,b30d,772b,9505,b16f,9dcd,07b6,0439,9c71,2709,d507,66e4,0000,26340
Exponent - Got: 00, Expected: cd
cc61,e7b9,c236,6a32,2c66,87be,4531,cffb,7ea4,2b59,4b4f,3019,ec39,bfa1,a89e,444f,d507,e76d,8be3,8c34,0e2c,0b30,6b26,9c70,7d48,c7b2,febd,5200,1ca4,999d,c3ee,89e9,ec05,0000,27654
Exponent - Got: 00, Expected: d8
f8b0,9141,9a23,8dd7,050c,4a06,4f12,c90c,4b9e,2489,c080,6901,2f93,5d0c,d4b6,849f,be56,5aaa,349f,6336,1a70,0644,4f48,17d6,3479,5051,deb1,414c,5cce,43f7,78b0,9641,6901,0000,26881
Exponent - Got: 00, Expected: d2
62fd,0d78,a562,80a8,07a9,7de6,909d,b4fc,5e95,8768,e266,ac22,2bfa,6b2d,8ebb,1566,08cc,c9dd,370e,4ce0,dc79,1381,fde6,239d,829a,331f,96b9,e5d4,db1f,5d69,8793,e45c,6b2d,0000,27437
Exponent - Got: 00, Expected: d6
9c81,2ff8,c1a7,bde4,bf9f,a120,4e62,967e,12d2,0077,8fb7,8168,a46a,b1a2,c041,eb81,d016,7e36,cb4a,d45c,ccf4,326d,2949,1b5b,6dad,fe36,564a,5c66,235e,2698,a0d5,e0d4,6da5,0000,28069
Exponent - Got: 00, Expected: db
312b,7d89,8332,16b4,9f99,46e6,69eb,4df8,0b63,e9b5,6126,1864,a154,1116,bcb4,e2cd,0e48,f254,c2b0,8535,b77f,c1d1,6c12,704a,ea2a,7d7e,fe04,40f8,7079,88d9,5f88,3337,f238,f240,8
Exponent - Got: e4, Expected: e4
3231,b015,7435,9f9d,ebe2,f0b5,4014,5194,ba37,6a83,2696,c55b,7e11,f2ad,e808,bdd8,0ea3,9e7e,e8c2,9d93,f468,9780,a0af,122e,8d8a,fe11,ddad,2556,569c,2d31,4b2b,e37d,f394,f390,4
Exponent - Got: e7, Expected: e7
b558,a632,23fe,2a39,d82d,0cdd,e984,a357,e3d1,d456,b47e,e096,a8d7,1246,c5e2,fee9,5554,e8fe,28af,073e,72b0,5c55,9fad,0bd2,0345,4603,b84f,24ff,3376,3c90,7ee9,3e54,72b0,72a0,16
Exponent - Got: e5, Expected: e5
3030,3e50,0e2c,dd30,708a,02eb,002e,4bae,f2b9,8b1c,3d0a,a7f0,b4bf,9c16,9cae,0817,93c7,ef20,fefe,0083,ca42,c156,7f54,feaa,b1d7,c574,d5fe,17d5,f2ba,bddf,6b64,1ab2,f336,f320,22
Exponent - Got: e6, Expected: e6
7e03,4c3f,4167,da25,0ed1,d88c,d83d,bacd,f2f8,2f1d,fe03,733f,a419,2511,711b,1b39,874f,0181,e1c2,6281,7004,4be4,9673,619f,729c,5b79,3b8f,de38,3184,3ee7,9f5a,22e4,731d,7310,13
Exponent - Got: e6, Expected: e6
a2e5,f6e0,3f0d,1033,80d3,dd12,1028,5208,2eac,89f1,04a2,642b,1023,52c3,bea6,1e5b,68a7,4db6,86ad,76e0,5a0d,d3f9,c61e,9a12,bfa6,eb59,e0cf,24ce,c107,8f45,671b,1715,eb53,eb50,3
Exponent - Got: d6, Expected: d6
4fb6,42a9,086c,197c,524e,d76a,8c44,065c,a350,ac16,54ce,c5e7,73ac,264b,a8c7,0e56,bdca,2a31,0625,8169,902b,21cb,4748,2fc6,5019,aef9,e3e4,c523,5a69,389d,f3ac,674b,6749,6740,9
Exponent - Got: ce, Expected: ce
9220,d504,31ae,544d,4ba5,8072,abf2,6825,f1b5,9b16,dfa0,ea1f,b60b,2fa7,8e38,ff24,33da,813d,877f,25b1,b1ba,ba59,436d,b2ab,d50e,7f24,4eda,66c7,4bca,69dd,0a4e,dfda,f1b5,f180,53
Exponent - Got: e3, Expected: e3
978e,1921,1b53,4ba5,a272,d9b6,4185,cc46,105e,99fe,934d,792b,ad19,6803,8813,a7c3,d44c,f8e4,1015,d175,1997,f864,5a94,1921,0753,8d9d,c3c6,d9c1,c432,6d3a,ed60,4aba,ec17,ec00,23
Exponent - Got: d8, Expected: d8
d8a7,b8d6,4a27,0b73,9fa5,5fda,19e5,9696,683b,502b,6a4b,8c5f,0887,e956,bf04,897a,22e8,42ad,1968,b75a,f0b4,1e55,7f29,4597,b4dc,e6b5,4438,48b0,a421,ff29,8297,ac52,f0b4,0000,28853
Exponent - Got: 00, Expected: e1
3d08,5b72,ff44,cbba,54ad,7f44,94ba,8f13,c2cd,2e08,e454,ac9c,d0c5,8624,a828,0778,1176,ded4,4269,d0ad,664c,1180,b5a3,e008,37c8,2da7,743c,2fd4,228b,120e,b3aa,484d,743c,7438,4
Exponent - Got: e8, Expected: e8
e52c,1fe6,1a59,b82d,021d,0959,c70b,c245,d081,0560,c36a,966c,a440,ad08,8852,ebc2,f895,a624,3c68,3610,3a7c,2308,914e,4dec,2477,69ff,bcec,7895,d524,658e,9cc5,1abc,ebb2,eb80,50
Exponent - Got: d7, Expected: d7
2f12,15cc,1ae7,4512,1718,9b36,f380,ba67,2ad3,4c46,115e,a6fc,f0b1,7f10,35ee,0205,7141,1de3,8518,5212,d036,b016,e2f6,02b3,ee76,122a,228e,f34b,5a6d,6f99,cb06,ff10,f3e2,f3e0,2
Exponent - Got: e7, Expected: e7
4308,3f8e,9271,8315,1f53,c1ad,ff6e,5b10,1da6,601d,1b9d,deea,4bd7,4c80,3019,bc39,d101,46e3,ecae,86f7,ea3a,7f6e,9210,dd34,878e,d101,30e3,5842,8672,61fe,02bd,c7f8,ecb4,0000,27829
Exponent - Got: 00, Expected: d9
e154,4b96,0081,bac0,01b5,50f6,8fd7,4d08,ef92,8ccd,aa94,04c1,1088,aea9,4fb4,622b,b42f,ce87,5cda,50e3,9e82,833f,13f9,299e,924d,da29,59dd,1e2e,6f92,1dcd,14b6,b11f,61ec,6200,20
Exponent - Got: c4, Expected: c3
83c1,a886,ea57,da43,9537,35dd,d2f6,82d3,1916,30a4,37c5,d2ea,fdcf,e3f4,8533,30f9,4ed8,ae45,1459,3231,4415,2bdd,40ca,8acb,e11e,635c,ea9a,7dcf,36f4,1399,05fe,c875,eb03,0000,27396
Exponent - Got: 00, Expected: d6
18f0,dec1,c73c,0bb2,4925,b6f7,205a,a29a,c35f,e119,569b,22f6,e933,4a21,0af5,25a0,d7eb,c284,7401,16a9,e2c4,f401,65a9,b122,c4c0,0149,e90b,0a19,164d,9d21,3c5b,8ae3,e99e,e99c,2
Exponent - Got: d3, Expected: d3
5260,02c4,f9c1,da72,2d46,f89c,286d,bd7d,0547,068d,2fc0,319f,6a3c,79e8,2f1b,e385,2302,4dc4,e45f,9c57,84af,cc66,9a7e,ccca,9dd3,ba28,8b5c,6f4a,c314,bd92,3869,ca59,6f4a,6f48,2
Exponent - Got: de, Expected: de
acd1,7dc8,8f33,beed,88d0,39c1,57f2,3ddd,e2e6,42a3,d2e6,8ec3,591e,722c,fdc8,b233,bf97,a328,d46e,da46,d072,9152,8af0,b3e5,f1c2,2aa1,18b4,9785,5dea,03d1,6196,1cd5,7196,7180,22
Exponent - Got: e3, Expected: e3
6a8f,6b9a,cdcd,3916,e0e4,6625,8da9,fcf2,1b8b,0d7c,be66,b49a,c973,ee21,dbbd,c14a,9248,a16c,7d2e,fc54,acac,3af5,e1c0,0403,6ecb,dcd6,0cef,d136,1114,8636,5aba,228f,6e7b,0000,28283
Exponent - Got: 00, Expected: dc
84a4,8ead,90f0,a7d1,20de,1f1f,54e1,5008,40a8,9229,714d,40ef,87ae,3d21,1d1b,b3e1,3ac6,4b33,3765,ce4b,0917,e2c5,4e40,c8dc,204d,f14d,bdef,5954,50e6,9fc7,8738,1436,e2c5,0000,25286
Exponent - Got: 00, Expected: c5
2f4f,32d1,0ef4,5de9,b312,b2f4,d891,4b60,bdf6,4f0d,08d3,8202,4b86,ba91,1ba4,3493,be3a,5dc6,2afd,d1e8,144b,60a3,76a2,d6cf,f6a2,53cf,baa8,d7dd,3732,a7dc,db93,3ee4,60a9,0000,24745
Exponent - Got: 00, Expected: c1
8e22,fdbe,45c5,560e,8722,a8ac,18fd,d58c,ab27,11b1,dbd2,dee5,8e18,0904,2616,95da,b671,075d,b813,1fa3,f15c,7dbe,e0c5,c844,4cd4,414d,a68f,aa02,67d6,9a99,39ec,9c9f,f15c,f140,28
Exponent - Got: e2, Expected: e2
5715,c6fb,d9b6,1b85,68f2,d2a3,93c6,c361,a0a7,be26,e6da,cf97,13c8,efef,a3f0,42b7,abf2,5625,25c9,67c2,198d,d2fe,6adb,06ce,5743,ad2d,9737,a9d9,4cca,7ad3,dae6,fad3,efef,efe8,7
Exponent - Got: df, Expected: df
b586,d36d,1d8b,e370,60b6,49f7,cca4,c83d,50ed,730c,7eea,9c97,d86e,9a5e,feea,1597,c07c,48fc,536d,3e8b,9036,6496,a5df,e154,b396,bd71,164b,70a7,9786,2129,4b2b,377d,7311,7300,17
Exponent - Got: e6, Expected: e6
c1fe,d1fd,e91e,554c,dce6,a0df,1c5e,95e6,854d,bf07,a9b9,78aa,e4db,c5d2,5ad9,662c,d5e0,3e4b,cef7,f8aa,c7db,3694,cdf9,6622,b46e,0886,4117,4655,1799,65f6,98bd,10cc,e917,0000,26904
Exponent - Got: 00, Expected: d2
2939,b52b,5881,3870,7c00,62f8,1e3d,ff41,24ff,3f76,f288,336d,e44b,1743,63ad,742a,7442,622a,3c6e,c796,5399,577e,7250,58b4,6705,cc8b,1dd2,0769,c927,8575,7f3f,e401,74b4,74b0,4
Exponent - Got: e9, Expected: e9
0cbf,fb66,3b10,7b66,5810,b8a0,1fd1,57ae,6281,c404,588c,613d,82bf,127a,dade,8eeb,6d36,6e6c,5bb0,3507,70ad,010c,660e,a942,a290,1fd5,66aa,aae7,b472,c59a,6e91,2e0c,70bf,70b8,7
Exponent - Got: e1, Expected: e1
d946,5d74,4cce,55d7,febc,7e41,ecfd,3064,ef04,a1da,c419,b1d1,12f2,8857,cc87,36de,3933,ad81,169a,7e37,d90b,6879,98e9,bb98,ceef,56b2,8e9f,6442,9a0a,a3be,1379,6d1f,ef02,0000,28419
Exponent - Got: 00, Expected: de
c0d4,9e55,c829,cff9,8226,aca2,337b,efdd,5d42,4778,c3f6,fbf1,8446,2ece,0513,2fd9,01c6,d045,bea5,b498,7bf1,4746,9448,6f60,c9be,0bad,08fa,346b,aac3,d156,c374,9df2,ef5a,ef40,26
Exponent - Got: de, Expected: de
ae02,3dde,e825,2eb5,1ba8,979f,5d70,9fca,3075,9755,453b,4171,97b3,ea5c,2488,04c1,9488,bda1,0c9a,9e03,e5ff,e9f4,7f27,a619,8915,a347,43c1,b906,e9f4,ff27,8919,984b,eaed,0000,27374
Exponent - Got: 00, Expected: d5
d108,5eaa,a297,0812,7e82,04ff,8936,d5a4,250f,1e85,b9f8,e08b,f18a,b0e9,d7c8,1267,6f83,5f9c,3023,4883,64d2,da9b,c3ee,07e9,e1a6,13e5,fe82,09ff,2a2c,e778,3ab6,4743,f182,f180,2
Exponent - Got: e3, Expected: e3
bb21,0a17,4fc3,939c,17bb,4354,d2d2,5df7,968c,56a1,444c,79c4,ea37,e023,3b23,4795,205a,c09a,1b9b,356c,1a06,e3b2,38f5,f9c4,bf37,9589,d0e2,2dc3,0958,834a,dacc,0c79,ea37,0000,27192
Exponent - Got: 00, Expected: d4
31ea,b509,2023,38a3,1e12,daae,e29b,2d9e,cc45,209d,079c,8a93,5f46,b278,a71c,7b52,c924,bfb6,3949,e17b,ce79,dba5,fb52,1e24,c518,b292,4977,3225,4701,c7cf,5b80,8137,e2c0,0000,25281
Exponent - Got: 00, Expected: c5
6453,485b,c20b,d14f,9f2d,8153,4691,645c,eb94,5143,8921,6e73,1e6f,d993,0ae0,48f5,d524,778e,c4e1,8328,142e,2586,784d,61fd,ba7e,f88a,b1fb,5a58,e2ec,8629,2965,b877,6e6e,6e6c,2
Exponent - Got: dc, Expected: dc
88a8,9db9,a8c2,c913,e641,87cd,b982,7871,e4c1,9d48,9272,2fd6,1009,0069,ba29,e71d,a393,4214,5790,dd3f,1b45,8033,69f3,ebe0,7837,5d07,8a7d,4c29,32f1,f8d4,9425,3a4d,ebd1,eb80,81
Exponent - Got: d7, Expected: d7
177f,5291,be74,1808,ca38,2bac,0afb,962e,a082,df43,ac3d,4225,45e1,112a,9f88,feb7,c48a,d183,70e0,8001,a541,184b,4cbb,96e2,c14f,6d0d,5a97,0fe2,457d,7eb7,f18a,90e9,f123,f180,93
Exponent - Got: e3, Expected: e2
bd5b,ece1,1b78,6b4e,7c18,94e0,e9c9,c25a,535e,3078,fc18,63e0,4f27,ec79,d1e1,0802,9492,db3b,c44d,d685,ba68,691c,0cce,df57,5f29,c5d7,279c,acd3,014a,adc8,6893,b482,ed23,0000,27940
Exponent - Got: 00, Expected: da
eaeb,9bfe,0d49,0513,91d9,50ba,b89b,672a,3164,bc06,2afe,ad2b,fcb1,7d08,09f2,bf61,605f,cd5f,9505,3d6f,bed5,8ce8,4ff1,9f2e,e790,b05f,eaff,50ea,1acb,fc3e,6846,2716,eb72,0000,27507
Exponent - Got: 00, Expected: d6
a981,0492,6a1b,ae0f,aa93,ff06,ad78,d222,7f06,b878,b108,c06a,596a,af58,9606,22aa,426f,cf2b,8a75,b421,5509,5be3,ad94,e7cf,3bc0,ddb7,43cc,964b,4da7,70fc,bd1d,9b27,70fc,0000,28924
Exponent - Got: 00, Expected: e1
4da2,61b9,b33a,cadc,5a49,7cbd,2b04,1c52,18ea,2c5b,b4c3,876a,ece4,823d,9679,5b15,eee3,d1fe,d1dd,9b3e,0588,dd83,92f8,1ddd,94a6,340f,6fa7,1ab8,b88d,80bc,fcbd,2c04,6f55,6f80,43
Exponent - Got: df, Expected: de
0ceb,c632,4d3e,6624,29e8,3fbb,0504,b60e,5ae2,9ad7,0022,7ca2,30db,f27a,9d1e,dda4,d91f,336d,004b,1c8b,2872,fca2,e7db,1cd4,e1ed,936e,a3c8,c48f,bcc6,8e3f,0ce3,a03a,f27a,f278,2
Exponent - Got: e4, Expected: e4
c9c6,37d5,48fa,ceeb,cdb6,e5ad,fd26,235c,301a,56fa,52d7,6bb2,0be5,84b2,913b,d4d9,4330,a3b6,5371,1397,cc70,7be8,eb1f,7d09,1fb3,a54c,0f06,ce98,0d05,905f,9abf,084a,6b45,0000,27461
Exponent - Got: 00, Expected: d6
73ff,e6d8,a315,2b13,b385,e1a2,30e1,7ec0,003d,997d,3b0f,d6b9,3354,b032,5bd2,e1e5,cd66,ab7c,eb2a,de7c,fec0,893d,4f6f,9c31,ab49,a65f,b8d3,4762,5b6c,d4da,09f3,d920,73ff,73f8,7
Exponent - Got: e7, Expected: e7
9251,1d35,ec4f,ac57,56cf,87a2,222d,2b29,693f,022d,c969,00bb,8e7a,07e6,7c69,22d1,ded4,fc69,99d1,bea2,9b5f,25a9,53a2,1785,66ea,22a7,5122,d100,a6a2,936f,6989,cd1a,ec48,0000,27721
Exponent - Got: 00, Expected: d8
8c55,380d,313d,f21f,fe3b,b507,53ad,944a,15e2,9949,7e3b,7407,bf2f,1991,11e2,5141,3fa3,511c,94be,9e17,36eb,9c46,36fe,e313,2415,211d,ce1f,cc43,1f1b,ade5,b1fe,4b1d,73fa,73fc,2
Exponent - Got: e7, Expected: e7
bb60,0216,d592,d4b9,2d50,b50a,04e0,aee9,87f4,8bfb,cc2c,44b4,c53d,31f7,8454,fa5c,0ca8,52b1,ca54,38c0,aeb1,9bac,3f9b,4d24,3cbe,2d47,c2dd,c218,e99c,194f,d0bd,7a5c,e99c,0000,27037
Exponent - Got: 00, Expected: d3
d006,b826,0ad6,5343,cb25,87f3,283c,096c,b87e,be8e,a473,0bfb,eb2c,e3fa,f6bd,3c10,5068,3ac8,76bd,3b10,8b66,41f0,0173,e9b1,3a22,ccd6,8ccf,a416,46de,9dd3,3028,dc48,eb42,eb30,18
Exponent - Got: d6, Expected: d6
58d2,8ce3,7f3a,bf44,ff3a,8644,9448,8160,c862,a172,d6b0,091d,6a4f,a35b,28dd,d1cc,8f6f,dfb1,ea4e,461a,f016,6876,0f26,acb8,2fe1,2ffe,6621,eead,a230,5d74,8ece,a653,f02c,0000,28717
Exponent - Got: 00, Expected: e0
0292,0c17,67cf,14c0,02e9,9eac,e291,cf14,3d8a,e771,90ff,281e,87ce,fd41,06fb,2436,d5fe,07d5,229a,845f,e497,b29e,ee7b,e967,e375,bff3,d64c,d0e0,7d41,51fb,5398,613f,ee7b,0000,28284
Exponent - Got: 00, Expected: dc
a961,3c73,dccb,21b2,0371,fd37,bd0d,7d37,160d,4761,b3af,1108,492a,1738,e716,ef58,a886,9057,4eb7,67ea,d7a5,b54a,a8a0,e9f1,3662,568e,bfa3,641c,f1d4,0d37,86ed,d2a0,f1db,f1d0,11
Exponent - Got: e3, Expected: e3
4b8e,b699,e3b4,ad73,08e9,aeb8,a9e5,5df6,58cd,073c,0e32,30ae,254f,f8c5,b274,6c10,00c8,b6c9,57e4,944b,3da3,d318,8cbe,6027,1127,78c5,0774,be7a,8186,e705,bd8b,e230,6c10,6c00,16
Exponent - Got: d8, Expected: d8
b5b3,a818,b148,962a,4b86,6291,2614,4758,e1d6,2b95,4a82,4497,4dde,9cc5,c0bc,5c3d,53c5,a222,61e6,c6a5,0468,7660,d08c,1e2d,9d51,562b,3047,afe7,2b78,672e,f660,e98c,e987,e980,7
Exponent - Got: d3, Expected: d3
0c6f,c7b7,21f8,a5bb,8830,8120,6822,e272,2936,42e4,e161,06e3,022e,0daa,c531,ccfb,87a2,6e2d,afb1,feae,18d3,5a22,6816,a946,8994,9787,e368,7eae,69d3,97c0,b0ef,cc4e,6e2d,0000,28205
Exponent - Got: 00, Expected: dc
9af7,a402,95ca,1661,380d,2b3d,8a2b,35ff,e454,989c,10ad,93cc,87eb,3424,a94c,0b1e,3688,4ee5,c738,92b6,3613,a0bf,783e,554e,e264,44a0,de29,55d5,f83e,d04e,2a6e,8bba,e462,0000,25699
Exponent - Got: 00, Expected: c8
61b2,17f1,679e,3ad1,2ee4,3fb9,ef86,a1d9,c4da,31d3,3170,a512,bcd8,51a1,9942,64f0,7e39,ae85,ea98,3f4d,7073,ee53,db4f,6139,b7bb,9014,5434,1d9c,5ea7,81da,1059,fe39,7023,0000,28707
Exponent - Got: 00, Expected: e0
e36a,202c,ad6c,4736,7c38,64c0,8409,5b41,05b7,a27c,fc38,29c0,cb93,b0c4,2ea5,4bb8,b52f,7185,c226,5622,9e0e,1ab2,ec07,9a1f,60eb,48ea,dafb,038e,3609,d225,56c1,6e2c,7186,7184,2
Exponent - Got: e3, Expected: e3
aec2,811f,dbdd,7d2a,1b50,6d66,223c,e178,28ba,046b,b2a3,9b06,71b0,4153,7111,c3b3,b6f4,7299,283c,a36c,fd2a,b250,6934,06e6,4d6b,4531,edfb,2ee0,28bd,13ac,e28b,d78e,72d7,72d4,3
Exponent - Got: e5, Expected: e5
4ace,67db,83d4,99d3,1e20,fa1c,4ce8,ec71,49e9,853a,d6b0,811d,5f5f,5e21,68dd,c54c,83c6,9141,b023,af83,7a1c,59e8,ab5b,3ccd,c3f4,9f73,be8d,46b0,9a3d,9849,2739,6b37,ec41,0000,27714
Exponent - Got: 00, Expected: d8
1e7c,5940,a3f2,b435,c21d,fad9,bd6c,0d16,268c,a3c1,d2c6,d8e3,8592,4019,7ad9,986c,c25c,40d8,3059,3879,2249,da4d,acb9,3da0,5fdb,87a4,b9ab,e818,3dc8,07b3,237c,c03a,e818,0000,26649
Exponent - Got: 00, Expected: d0
56e1,040c,8904,5d16,1c2c,ff14,bfea,1415,557d,0897,c346,8740,e04e,b60e,bee2,3f1f,40a1,d860,31d0,91b3,9850,1360,5546,3c6c,7f14,e8ea,45bb,c5f0,6c7b,a863,41f3,5db0,6c79,0000,27769
Exponent - Got: 00, Expected: d8
991f,dfed,7f12,3f6c,a212,27d6,4c19,18c1,2ab0,4ce5,293c,a06e,4aae,33bb,511c,2ebe,5d63,9f19,9267,8083,3d42,afb8,b4e7,ce4e,e052,ff12,e66c,bca0,87d9,5896,11a7,ac44,e660,0000,26209
Exponent - Got: 00, Expected: cc
b31e,c7f8,3877,dbc7,43b0,4d37,f06d,9acd,fcb8,6141,69c3,2dd0,858b,4440,3ac8,06bd,37f0,579f,58f0,9e41,d33d,85db,aa10,5b44,baf2,3507,daad,2858,5808,7cb8,dc41,8fb9,f06d,f040,45
Exponent - Got: e0, Expected: e0
3e0e,59f2,c7c1,220e,2fca,d515,2bff,2068,c228,e3ac,7d6b,d351,80b7,cc76,826e,3cea,a413,e39b,ba9c,3ce9,b4d0,1bb9,bfce,0d31,fd6b,6451,1cd9,2ca0,04f9,48b0,bc21,bf19,6380,0000,25472
Exponent - Got: 00, Expected: c7
1cdc,81e5,7ba6,46d1,401c,359c,8cf7,2e2e,bbf2,a805,7c15,37ad,3082,9863,0593,cf58,b8c6,be37,bc8b,4f32,172c,ac02,ddda,aae1,6ff4,8e2b,2ff7,fc68,e390,d057,da37,7043,709e,7090,14
Exponent - Got: e1, Expected: e1
91d1,acb2,ff6b,d455,80bd,5efc,3f41,657f,5875,8b85,e3d2,ce95,e648,8b84,1993,8160,7062,be02,91fe,095d,520f,7f6b,4d55,e08f,168e,8f23,10fd,899c,d78f,69e0,b533,0899,7062,0000,28770
Exponent - Got: 00, Expected: e0
244c,d304,97a2,920d,2669,0865,c935,2fe7,7a78,128c,e5a9,c022,3d22,03d8,33df,fa78,0d8c,6897,4386,e881,0110,d112,9030,4510,9f9a,3c25,cb1d,c9cb,9898,23a9,95ae,5b05,671b,0000,26395
Exponent - Got: 00, Expected: ce
4932,0720,0d2e,34b4,2fdd,e2c2,7d87,cebc,8821,eb71,26e7,816a,4ae8,3c7d,b145,8d67,7dbd,2a06,23d2,a515,8f1f,8dc1,6e9a,4ec7,379a,4d75,a6af,fe22,d75e,1370,9356,b7f0,6e98,0000,28312
Exponent - Got: 00, Expected: dd
ad40,121a,18be,4b0f,1c59,6621,8cad,b0f4,a295,c290,7f15,a8ab,853a,c8b0,3521,270b,6b85,0812,9e82,733f,a619,ff15,e9ab,e2b8,b77d,c753,0a1d,5349,d9af,59dc,f06f,a64f,733b,7320,27
Exponent - Got: e6, Expected: e6
97dd,e3b2,daf5,9600,2f2c,4472,387a,788a,58fb,f88a,dbfb,4e8c,9111,0a73,04a7,276e,dca0,3f19,0f27,0ef9,b8a4,6cd5,df4c,9ff2,004d,270d,b803,a1b3,2030,6a70,90a4,e485,6cdc,6cc0,28
Exponent - Got: d9, Expected: d9
ab2b,aebd,38a0,32d1,80f4,94f5,869c,ce91,a94c,d71e,2130,3f72,9b8c,65bb,15b0,f39b,24bc,89f5,45a6,8ead,dcf0,9349,3a2f,739b,cbbc,cd2b,4a71,1aa5,5dd0,5f6b,6915,a887,6916,6914,2
Exponent - Got: d2, Expected: d2
c825,e8f5,3464,a10c,c34e,bf48,0a36,7da2,5fd9,8126,5fa4,261b,6897,9986,5935,d0c7,f2a6,d0c3,fda2,aed9,a1c4,9587,eb6c,e9ba,a2e9,25ec,3ea7,9d1a,68a0,b471,9559,4233,f2a6,f2a0,6
Exponent - Got: e5, Expected: e5
badb,296e,22bc,6df9,ff62,921c,4c38,cca0,8b39,1e6f,5993,ebe0,f437,3a1f,5fab,07d4,bcdb,7f62,291c,4e4e,c152,0050,8650,815c,e15e,151c,9636,289a,044b,5e83,0cfe,ed67,f437,f430,7
Exponent - Got: e8, Expected: e8
4783,2bcc,529b,bcfe,1c07,39ff,904c,926c,7a48,aebc,9ce1,9b98,0eaf,e172,3e30,5e4c,d5f0,105b,0cbb,2062,4aa2,beb7,d20a,052e,6ca4,c17d,0bbf,1068,fa48,c7bc,5133,9951,6ca4,6c80,36
Exponent - Got: d9, Expected: d9
07ef,e620,27ec,b6a3,9f0e,11b0,4393,bfd4,53ab,0bcc,18db,4e2a,8636,0aba,362f,7d83,1bb8,5b8f,0cf8,46e1,5a2c,0d98,fd83,3ab8,0ccd,d994,5927,9455,e63d,3eb1,8a8c,da99,e6ae,0000,26287
Exponent - Got: 00, Expected: cd
8c1a,1582,1f29,9f57,83a9,60ee,69af,2abc,d3e9,da0e,7c3a,a842,f192,08f1,2aa0,46f5,8138,cc3a,2722,0dec,86f7,fc3a,bb42,a8b4,8ae5,24b0,22f9,8cfc,66e5,cb68,befe,3e03,f192,f190,2
Exponent - Got: e3, Expected: e3
ba7b,adcf,df54,69ea,cdb9,6a62,ba36,c6c2,47cf,a080,bfc1,18fe,254f,7cc5,177c,8a52,2fc6,4619,c6d5,d018,53b8,0d1f,fcc5,6c7c,2ba4,b6f3,355e,acb4,82ed,0ca8,cab1,ef64,ef60,ef00,96
Exponent - Got: de, Expected: de
31ba,d759,5cb7,9dce,9775,571b,4575,cebf,6ae2,54b7,09de,d04d,3ead,e390,3c57,fbef,1bd8,7bef,1ad8,52ed,5108,19aa,0119,4f5b,6d05,149f,eb76,ed20,2efa,de27,b85b,01eb,ec0d,0000,27662
Exponent - Got: 00, Expected: d8
6384,c443,630b,6b0d,369b,1c36,cd8e,c595,795e,4c2c,b7b4,6ddb,03c0,bbc7,3b70,4306,de00,adbc,cfe7,87b8,e4b7,eabe,baeb,f95e,cf2c,35b2,b759,4277,5f33,cd4d,a797,1518,6ddc,6dd0,12
Exponent - Got: db, Expected: db
9baa,941d,7075,9bd5,85a2,4c29,5cf1,be08,3574,961e,5ab2,3887,7136,8254,ba50,0924,7e36,3b4a,57bc,5c13,986b,e19b,ee98,8545,e30f,2b09,0f1f,32c1,2ce4,65bd,fe36,a24a,716f,7100,111
Exponent - Got: e2, Expected: e2
5125,84c7,e80e,ec5e,d206,ee22,1f7e,40c0,5641,faad,9818,eb28,b0fe,681f,8f0f,b9d1,bae2,3d17,7aad,8f18,3006,95e6,b54d,0767,4ca9,2e70,c82c,b2bc,bcd9,83e0,2ae7,8d72,ee32,ee00,50
Exponent - Got: dc, Expected: dc
613c,befe,0803,9ed3,7b2e,1a58,466c,87e0,f0ef,68ce,699f,3a8c,31f9,61da,4599,c152,6250,9a94,c4a1,9d68,2c52,548a,82a3,4b66,0270,3c74,950c,ef26,2b78,fb2e,c558,80d2,f102,f100,2
Exponent - Got: e2, Expected: e2
fdfa,6081,3800,4a70,ace4,44bd,9b74,eb42,2014,d754,7dfa,b581,18aa,061b,42d7,c792,b09d,40bc,453d,4ef7,a9aa,1679,c215,5ed1,522c,0388,8d8f,2d54,440e,9d06,91bc,079f,eb42,0000,27459
Exponent - Got: 00, Expected: d6
523a,181e,05ae,e225,8ea1,6ffc,6223,a827,0ab7,d762,de4c,6cf0,dc29,d1d1,cc32,312a,e3c8,120f,a9eb,ae78,0724,e02a,cf6a,4c74,1fec,14d3,483a,fc2a,eb52,3204,a560,7c2a,6fff,6fc0,63
Exponent - Got: df, Expected: df
