c83c,31da,bc18,2f37,2e2a,4398,bb12,449a,3b5f,ade6,4664,3e85,c6a8,c7c0,af9e,3c3f,3149,3f35,3f5a,2d57,c3fc,4083,c279,b966,b105,c50d,2f6c,b8d7,31f2,48a5,c718,bdfa,beea,beec,2
Exponent - Got: 7d, Expected: 7d
afa6,b62a,ae73,4915,3d0d,40aa,c977,b17b,ae78,3442,b7be,b282,3b64,b241,b274,4356,306d,be53,2f8b,3195,442a,3ef5,34ee,b396,3b36,bcd7,c527,48bc,4691,31ff,c3ca,38e3,becd,bed0,3
Exponent - Got: 7d, Expected: 7d
c8ea,496e,3dd3,c8e4,3915,b9e8,3253,3f15,b487,4324,33be,c4e8,c656,3f1a,321b,b604,461a,3ca3,b4ed,c70f,3a8b,2d67,b05d,3ea3,be9b,35d9,4533,4628,b380,b049,c317,3be3,bfd6,bfd8,2
Exponent - Got: 7f, Expected: 7f
c67a,b5c2,3858,429d,b21b,30d4,4202,409e,4700,bc43,4435,b554,2fb6,3067,2d23,434a,c0fd,2ea9,bbcb,b09c,bdf5,36b7,45fb,c32a,2ead,3727,3211,b506,c6ae,b1f6,394f,c554,bdda,bdd8,2
Exponent - Got: 7b, Expected: 7b
4257,39f7,c732,ba18,c03c,b30f,440e,4766,b1a4,c5d2,b102,4356,48b1,48a3,c62f,390f,322e,b5ac,bd6a,34bf,3d86,b701,3e11,c976,4643,be85,b8e1,4876,4746,add5,b83b,bf11,3e0b,3e10,5
Exponent - Got: 7c, Expected: 7c
3391,4395,2d63,3cbf,afd9,b0d2,b5da,4539,3bce,2d43,c284,ba65,3d8e,4614,b526,c5fd,39c4,b251,2fc2,39b4,c918,3c0c,beb3,3be9,42e4,c412,b3df,3399,3a10,39bd,4917,3600,3fe2,3fde,4
Exponent - Got: 7f, Expected: 7f
ae65,3ef4,37ac,bab0,afb4,3886,38a4,b007,30d4,b34e,c658,c50d,c70f,3544,c78b,bbcd,41c0,bb4c,c0a7,3f19,2dda,35fa,c6fe,c016,bbcf,3989,bf2b,480e,3ed9,462a,427b,aeae,3a80,3b80,256
Exponent - Got: 77, Expected: 75
37d3,3d1f,c280,34e7,bc50,36cf,bec7,ae46,4697,2e8a,3972,42e0,3d24,c850,4058,42f7,b800,328b,362b,3635,4355,3a49,3820,c03d,c72d,3f1a,4868,b152,be6b,bf66,ba59,ae4a,3d96,3d90,6
Exponent - Got: 7b, Expected: 7b
c56d,c521,35fe,bac6,b7ae,3c09,491f,326e,3120,3b10,44fd,c3b9,4723,c23e,3e99,3415,2fbc,c394,c8f5,471f,b2e8,c710,c82e,2ebd,ae83,c639,3e0b,401b,bfb8,ad30,b353,bc2a,bda9,bda0,9
Exponent - Got: 7b, Expected: 7b
