a,b,sub,expected
eb43,5335,0,eb26
06ca,ddc5,0,ddc5
a807,7bd9,0,7bd9
3389,835b,0,3389
0623,1416,0,1478
19d9,c32d,0,c32c
fd23,1517,0,ff23
c168,35b5,0,c0b1
9ea3,4e5e,0,4e5e
54b6,09e4,0,54b6
6d9f,b537,0,6d9f
c26e,17ad,0,c26d
c221,092a,0,c221
ddba,341a,0,ddb9
2713,0a37,0,271f
90b8,317e,0,3179
aa27,0322,0,aa25
5fe9,df35,0,51a0
caf5,6be3,0,6bdc
81e2,c016,0,c016
6b5b,d89c,0,6b11
74da,aaae,0,74da
2da9,c496,0,c47f
b124,75b8,0,75b8
a093,e2b1,0,e2b1
bbea,9a34,0,bbf0
6b7e,e73a,0,67c2
a8be,3bcc,0,3b80
a1b8,fc12,0,fe12
be87,afea,0,bf06
f560,eb97,0,f653
b49b,03cd,0,b49b
04a7,c6b5,0,c6b5
41cc,3ea2,0,448e
d83b,7650,0,7648
8e5b,332c,0,3329
018d,445a,0,445a
089c,5c57,0,5c57
9ee3,86a5,0,9efe
d479,ff41,0,ff41
d046,f92e,0,f92f
f101,1e13,0,f101
4c2d,6fbb,0,6fbf
5294,9b25,0,5294
6ad0,30bb,0,6ad0
ab68,ad65,0,b08c
cdde,6e39,0,6e33
209e,f915,0,f915
485d,e062,0,e051
1a8f,852c,0,1a66
2008,f99a,0,f99a
3017,129c,0,301e
5c16,7e93,0,7e93
6ada,772a,0,7803
e684,314a,0,e684
7ffb,4a2d,0,7ffb
8759,e471,0,e471
ca9d,f934,0,f934
8ee8,ac40,0,ac47
e497,2df7,0,e497
93a1,7668,0,7668
b1bd,428c,0,4230
f9d0,b12e,0,f9d0
e658,e57b,0,e9ea
8c8e,40f4,0,40f4
3aba,f6cb,0,f6cb
d3a5,d070,0,d60a
c904,c678,0,cc20
1559,499a,0,499a
3d92,ac75,0,3d4b
06b1,7be7,0,7be7
13d2,b87d,0,b87b
956c,1c53,0,19f0
1605,e75e,0,e75e
88bc,c73f,0,c73f
43fd,301f,0,441f
b95e,31e1,0,b7cc
445f,cd7b,0,cc63
1fce,e256,0,e256
631a,5436,0,63a1
f2f0,4e2b,0,f2ed
41fb,e1e9,0,e1e3
bce9,6b14,0,6b13
7a64,9103,0,7a64
233c,dd3c,0,dd3c
d854,3b7a,0,d84d
21d0,b63b,0,b60c
69b9,2031,0,69b9
769f,033f,0,769f
c985,03f8,0,c985
3a93,ef8e,0,ef8e
eb28,93a1,0,eb28
6ad9,8b80,0,6ad9
ddf7,fd6e,0,ff6e
d6f4,a61c,0,d6f4
f888,cc50,0,f889
f774,e1c2,0,f7a2
0b6f,646a,0,646a
7cd0,3daf,0,7ed0
44da,15a9,0,44da
96e8,1772,0,0850
58fa,2365,0,58fa
f94e,cd49,0,f94f
7652,047b,0,7652
5f92,0fef,0,5f92
bac3,ed3d,0,ed3d
564c,6180,0,624a
2e07,e17a,0,e17a
c98e,8c5c,0,c98e
c897,91e3,0,c897
2a95,8152,0,2a94
4661,5241,0,530d
085f,605f,0,605f
f41a,fd6f,0,ff6f
7d58,b449,0,7f58
eaeb,a100,0,eaeb
87d0,788b,0,788b
4ed8,2545,0,4ed9
afcb,81b2,0,afcb
d503,d306,0,d843
cf1a,c3ed,0,d00c
401c,0149,0,401c
e2fe,33fa,0,e2fe
296b,cb82,0,cb7d
c05f,d9b3,0,d9c4
d401,08b2,0,d401
7bc3,fe31,0,fe31
9878,2dcd,0,2da9
d51d,fb3d,0,fb40
5e96,83f8,0,5e96
fb26,7d15,0,7f15
a146,bb8a,0,bb9f
7411,fba5,0,f99c
c0c0,7a70,0,7a70
4acf,2863,0,4ad3
7d45,cf1f,0,7f45
2890,c1b0,0,c19e
63da,9f03,0,63da
a705,c504,0,c50b
57ee,5f4f,0,60a5
5e6e,44d4,0,5e81
f4f7,937b,0,f4f7
ce55,3cec,0,ce06
9029,e669,0,e669
a55c,4436,0,4431
f131,8f42,0,f131
c732,5023,0,4e7a
7cb0,9720,0,7eb0
2566,9c1f,0,245e
fa55,fcd2,0,fed2
4e35,1851,0,4e35
5bf2,7603,0,7613
af1b,db11,0,db12
ad83,ba1e,0,bace
87ab,7cb7,0,7eb7
94a2,b673,0,b678
e7cc,77ff,0,7782
a38c,3125,0,30ac
07c4,4266,0,4266
3e88,7d92,0,7f92
738c,c367,0,738c
a5e2,7456,0,7456
3f29,c895,0,c760
1d19,432a,0,432d
0bb9,3a5f,0,3a5f
15da,1c36,0,1dac
1fe5,abad,0,aab0
78a2,2bb8,0,78a2
4167,4a1e,0,4b78
2574,13ba,0,25b2
1ab4,d4cd,0,d4cd
d36b,8cc6,0,d36b
70dd,80b1,0,70dd
8051,ca69,0,ca69
eb1d,2488,0,eb1d
4447,a9b2,0,443c
1232,e3e3,0,e3e3
9f29,1935,0,9c8e
6e0f,8b2b,0,6e0f
b22f,bd78,0,be3e
38b6,f999,0,f999
aedb,3b41,0,3a66
6243,f0e2,0,f07e
3c96,d3ed,0,d3c8
5391,ae1e,0,538e
d547,2905,0,d546
001a,c074,0,c074
ab90,41b4,0,4196
9fee,83c5,0,9ffd
e9f7,a938,0,e9f7
347d,258e,0,34d6
f1b6,c75f,0,f1b7
564c,66eb,0,6750
8f88,65ba,0,65ba
566e,7e4d,0,7e4d
1884,1e1e,0,2030
559f,a02b,0,559f
5405,e32c,0,e2ab
b75a,9cce,0,b76d
2ff0,6c75,0,6c75
dd16,7f67,0,7f67
8fd3,bc6c,0,bc6c
ad28,0588,0,ad27
93f1,1c2c,0,1a5c
19ef,e609,0,e609
628d,a751,0,628d
7411,8b34,0,7411
c639,7300,0,72ff
9002,cc2f,0,cc2f
aeca,f70a,0,f70a
1347,73e5,0,73e5
662e,87f4,0,662e
e965,4b88,0,e95d
6204,7ace,0,7ae6
7e8a,8e55,0,7e8a
5208,957b,0,5208
d96a,4b65,0,d8f4
00f7,1182,0,11a1
a2cd,b8b0,0,b8cb
58f9,b29f,0,58f7
6935,0721,0,6935
50f3,87b7,0,50f3
79cc,375e,0,79cc
1ff4,73a6,0,73a6
bd22,3d30,0,2300
fbdc,4a4c,0,fbdc
bf26,c35a,0,c576
4a05,3da2,0,4ab9
aaa3,6434,0,6434
6b8d,20a1,0,6b8d
03db,9a2c,0,9a0d
32ed,bf5a,0,be7c
a5fa,cb68,0,cb6b
7bb0,25f4,0,7bb0
0453,bf06,0,bf06
da15,2bb1,0,da15
35f6,7d38,0,7f38
627e,59d4,0,63f3
0a0e,0896,0,0d52
de80,b14e,0,de81
92d2,a7f0,0,a813
37ac,983f,0,37a4
9ba6,709b,0,709b
26be,a7f1,0,9ccc
7b63,8dbb,0,7b63
8d24,0ef2,0,0738
b93a,20ee,0,b926
6404,0f4f,0,6404
4e49,d8eb,0,d822
7f1d,083d,0,7f1d
daea,35dd,0,dae7
1978,9823,0,1154
8712,32c3,0,32c2
3c82,3c55,0,406c
8a90,10c0,0,0e38
2856,0f74,0,2865
9f49,277f,0,25ad
3695,d803,0,d7ff
5458,afff,0,5456
1733,61d2,0,61d2
364f,1962,0,365a
8351,53f6,0,53f6
5127,3d4b,0,5151
d5af,53f4,0,ced4
a68e,807c,0,a68e
0799,9acb,0,9a8e
69de,e386,0,67f9
c5d2,acbf,0,c5e5
dd28,fe47,0,fe47
e5fb,c40c,0,e5ff
d2a7,47cb,0,d1ae
a22e,97f9,0,a32d
0a99,259f,0,25ac
cd05,4bd5,0,c46a
8662,b1d3,0,b1d4
77a2,13a2,0,77a2
1a62,c43f,0,c43e
dd96,6b82,0,6acf
e964,5ea6,0,e88f
9544,0cb0,0,9418
44dc,ac04,0,44cc
282d,2a28,0,2d2a
9ce2,2417,0,21bd
b260,8dcf,0,b263
73ff,af31,0,73ff
de1b,dccb,0,e173
d428,a91e,0,d429
12a2,f640,0,f640
8da9,ee33,0,ee33
b1ec,f378,0,f378
1939,da7b,0,da7b
8410,9b16,0,9b36
830e,1ee5,0,1ed9
5562,fe53,0,fe53
62a6,2e3a,0,62a6
e308,cd75,0,e334
cfe1,2120,0,cfe0
be35,1512,0,be34
8129,c1ae,0,c1ae
0131,322e,0,322e
6e8b,0a56,0,6e8b
62ec,2ceb,0,62ec
636a,9df9,0,636a
b0fe,162f,0,b0f2
b2c1,fb84,0,fb84
1755,1d34,0,1f09
7044,f698,0,f476
1cd7,56df,0,56df
50df,53ca,0,5654
9900,39e8,0,39e3
4485,70eb,0,70ec
90d2,a2bb,0,a308
8c6e,27f0,0,27de
2f83,158f,0,2f99
8355,f390,0,f390
7405,f8f4,0,f5e3
8d3d,78f9,0,78f9
db07,652a,0,6449
7399,33eb,0,7399
b006,06a2,0,b005
f43f,f395,0,f805
1c33,a473,0,a2cc
b641,b42b,0,b936
eff8,c7b9,0,effa
6bbf,64b2,0,6d0c
ffc2,4f33,0,ffc2
7209,28e9,0,7209
1056,d0d8,0,d0d8
3d6c,c841,0,c727
35ea,7008,0,7008
8690,bd40,0,bd40
9dcb,e809,0,e809
d1a4,7790,0,778d
6a8f,4bde,0,6a97
6dd3,8fc3,0,6dd3
3940,b408,0,3678
6437,93f7,0,6437
ec76,4b53,0,ec72
fc93,070d,0,fe93
9059,765d,0,765d
6615,7e90,0,7e90
43ac,aa6e,0,4392
86b9,c424,0,c424
eba1,8e85,0,eba1
93e7,ea4f,0,ea4f
16e0,5543,0,5543
90b2,8674,0,9180
7704,475c,0,7704
2241,c92f,0,c92d
d3fa,f99d,0,f99f
8668,9cf2,0,9d0c
2c56,4795,0,47a6
14bb,d69b,0,d69b
ac51,fb35,0,fb35
18d0,4621,0,4622
5620,97a4,0,5620
4618,7e2e,0,7e2e
396e,cd61,0,cd36
01e5,2634,0,2636
1a69,1bbf,0,1f14
ed95,1e8c,0,ed95
687b,c157,0,687a
1b6d,c34e,0,c34c
3e9f,a15e,0,3e94
f12d,4f97,0,f129
8436,b1c0,0,b1c1
d44e,96b8,0,d44e
8873,7c24,0,7e24
ec06,4890,0,ec04
43b4,bebd,0,4056
c2ab,cb90,0,cc9d
1b61,f31e,0,f31e
94ef,5917,0,5917
7cc9,35f8,0,7ec9
8f92,8c35,0,91e4
a140,fdd7,0,ffd7
2bd5,8e84,0,2bc8
d4ef,e857,0,e87e
697b,6bdd,0,6eac
e0ab,8804,0,e0ab
6bdb,d15d,0,6bc6
1cb9,d9d6,0,d9d6
cc5e,ef39,0,ef3d
abc8,a0c5,0,ac7d
18f9,7c37,0,7e37
5424,e198,0,e114
a2bf,f078,0,f078
27a0,6a94,0,6a94
538b,37fb,0,539b
df55,1125,0,df55
5fd3,e1ef,0,dc0b
e7fb,d9ee,0,e85c
1230,606c,0,606c
844f,12d1,0,1247
52b4,dbd9,0,da2c
3e59,9b1e,0,3e55
a253,b2af,0,b314
199e,e5da,0,e5da
7369,a109,0,7369
c543,5e50,0,5e3b
73df,c6da,0,73de
f0c2,a53e,0,f0c2
fed1,d847,0,fed1
0318,4eba,0,4eba
b099,79ce,0,79ce
58ef,c30b,0,58d3
9cef,5ac4,0,5ac4
a8f8,e714,0,e714
680f,22fd,0,680f
2ffc,6bfe,0,6bfe
2876,f2cc,0,f2cc
aa94,2229,0,a90a
1741,43d3,0,43d4
5f09,743b,0,7457
8870,b566,0,b567
2fcb,5e26,0,5e26
7afb,dd13,0,7af1
21f8,5d59,0,5d59
397c,0d99,0,397d
b278,3080,0,abe0
3677,dde2,0,dde0
7f18,586a,0,7f18
0d7f,c16f,0,c16f
0a6a,53a2,0,53a2
b9fe,eeda,0,eeda
83ef,4645,0,4645
a9a2,3b5a,0,3b00
3143,0503,0,3144
08cb,53b1,0,53b1
ac16,cf00,0,cf04
6dc2,7b6e,0,7c00
4684,9e1a,0,4682
077c,7f32,0,7f32
43dc,afcb,0,439e
bda5,b175,0,be54
eacf,c52f,0,ead2
1e8c,7b76,0,7b76
5a98,7b00,0,7b07
1194,9572,0,9150
4f87,066a,0,4f87
7878,f5c6,0,7254
282d,91e2,0,2815
e04e,2b7c,0,e04e
8eb3,ba64,0,ba65
4936,b205,0,491e
8bef,0983,0,84d8
c4b7,25fa,0,c4b1
0ffc,e056,0,e056
f157,448a,0,f156
328d,c386,0,c31d
0cf7,c953,0,c953
16e5,7a56,0,7a56
6e6e,28d5,0,6e6e
1c9c,5991,0,5991
d112,2663,0,d111
651b,6ce0,0,6e27
3ea9,4a4e,0,4b23
62a4,97e1,0,62a4
dc11,b8f6,0,dc13
b391,aa4f,0,b492
090e,b111,0,b110
6228,6053,0,653e
7226,f059,0,6b34
bdae,fc79,0,fe79
34e0,63c0,0,63c1
3998,bffd,0,bd31
c5f3,2675,0,c5ed
e5cc,f394,0,f427
1ab6,55c7,0,55c7
47ca,2932,0,47d4
4a5e,f01a,0,f018
f92c,8add,0,f92c
c4c8,0faa,0,c4c8
fdf8,b686,0,fff8
3746,9477,0,3742
3669,e9a8,0,e9a8
c58e,abff,0,c59e
60d2,854a,0,60d2
8a43,dc6f,0,dc6f
3737,d405,0,d3fc
8756,ce57,0,ce57
e5e1,512a,0,e5b8
63d1,87d6,0,63d1
0a58,2876,0,287c
19cc,9649,0,154f
6c2a,53d0,0,6c3a
fa3b,2ab5,0,fa3b
f1cb,35ce,0,f1cb
b5e4,3f22,0,3da9
9823,3650,0,3648
5577,beb6,0,555c
df03,b3c1,0,df04
19cb,79ef,0,79ef
015e,7e8e,0,7e8e
b965,f57b,0,f57b
ec18,fed1,0,fed1
43b6,fab0,0,fab0
86c7,2f5d,0,2f5b
6626,0e34,0,6626
5ea5,8bc4,0,5ea5
274f,5eec,0,5eec
6d99,94b9,0,6d99
7a7a,46ce,0,7a7a
3a06,8c54,0,3a05
d500,7f9e,0,7f9e
21ea,fb61,0,fb61
2482,abe0,0,a99f
2f80,42e9,0,4325
cc59,3b3d,0,cc1f
850f,20c4,0,20ba
0590,8de4,0,8c80
fc87,af2d,0,fe87
c337,1ef0,0,c334
09bf,a4e6,0,a4db
d48b,3c19,0,d47b
ee9c,357c,0,ee9c
cd9f,a896,0,cda1
e0fa,e468,0,e6e5
3dc8,e985,0,e984
2ac0,f37d,0,f37d
6e6b,38ea,0,6e6b
90be,287b,0,2868
bbce,ed63,0,ed63
5527,0608,0,5527
bfb2,e943,0,e944
a0f8,cbdf,0,cbe0
b9ca,50a7,0,5090
cd1c,0717,0,cd1c
d5c7,18f6,0,d5c7
0ba4,d2d4,0,d2d4
4dc7,5125,0,5404
b8f5,c978,0,c9c7
0500,8620,0,8120
b0b7,9574,0,b0c2
8112,a26e,0,a270
9359,3473,0,346f
96ac,a488,0,a4f3
37ca,a0b7,0,37a4
471a,6278,0,6286
77e3,2118,0,77e3
c767,2c2a,0,c756
d823,33a9,0,d821
f5cb,c3a0,0,f5cb
ad27,7e0c,0,7e0c
aec6,384f,0,36ec
1373,5fb8,0,5fb8
8bbf,731e,0,731e
631d,275d,0,631d
1d3f,5c7e,0,5c7e
8d37,851e,0,8e7e
6fcb,c5ec,0,6fca
9807,4c85,0,4c85
330d,c928,0,c90c
6808,81c0,0,6808
78a4,a279,0,78a4
bd17,f4af,0,f4af
627a,5ade,0,6419
876c,88bc,0,8c39
972b,06ff,0,96bb
b668,0517,0,b668
e504,eb41,0,ece2
197e,2463,0,2513
c2cd,a5d1,0,c2d9
c058,a973,0,c06e
c944,c079,0,ca62
c6dd,ccb8,0,ce6f
d28a,a01e,0,d28a
5ed4,bd83,0,5ece
0c6b,6351,0,6351
0a29,3c56,0,3c56
7724,6a47,0,77ed
d3df,cf53,0,d5c4
9ed4,76b7,0,76b7
2f8b,edc4,0,edc4
ddda,06cc,0,ddda
1516,eee7,0,eee7
a5df,8641,0,a5e5
85a9,3a5c,0,3a5c
bcce,e2e7,0,e2e9
d74f,a434,0,d74f
71e0,5fd3,0,721f
7089,9d16,0,7089
b2f8,2aa2,0,b150
7840,eca4,0,7757
633f,f78a,0,f750
3d4c,40c1,0,4367
f4cd,2206,0,f4cd
ca5b,2959,0,ca56
4ee3,fb38,0,fb37
c75d,632f,0,6320
302b,f96d,0,f96d
0c48,0d52,0,10cd
440f,aa8f,0,4402
c9d9,ae56,0,c9e6
d26b,a229,0,d26b
a1a6,66c1,0,66c1
6c8d,9593,0,6c8d
72bc,4355,0,72bc
f436,6e1f,0,f15c
9b6e,97d6,0,9dac
3e8e,5a83,0,5a90
ebf0,d4a7,0,ec0b
0192,5c62,0,5c62
fb80,c330,0,fb80
a2a3,ab47,0,ac78
6faf,f2e1,0,ee13
46cc,9c31,0,46cb
d829,92af,0,d829
1e77,8c35,0,1e34
b26f,d04d,0,d053
96f4,facf,0,facf
8ea1,d75a,0,d75a
a387,0150,0,a384
b5e5,7e4b,0,7e4b
ba7d,0e16,0,ba7c
67ab,0d39,0,67ab
8503,2fbe,0,2fbd
b2cb,323e,0,a468
5725,6a30,0,6a69
da95,4e6a,0,d9c8
799a,befc,0,799a
070e,4be1,0,4be1
d9f3,76f3,0,76e7
add2,2b7e,0,a826
8f03,9ffa,0,a035
f686,a82d,0,f686
07af,7cf5,0,7ef5
ac8a,b0ae,0,b2f3
e669,252d,0,e669
f0c1,2e8a,0,f0c1
7b39,b456,0,7b39
3107,6c71,0,6c71
f1e6,d1b8,0,f1ec
b205,8403,0,b206
cc92,2c33,0,cc8e
c89e,c13f,0,c9ee
3cde,1468,0,3cdf
4e0b,25df,0,4e0c
4fcc,8406,0,4fcc
b54a,681d,0,681d
a859,69bd,0,69bd
99e7,3b84,0,3b7e
f258,2686,0,f258
36bd,488d,0,48c3
8bd4,281c,0,2814
6e8f,6c81,0,7188
648c,4803,0,6494
cdaa,d922,0,d9d7
2cb0,0bb1,0,2cb4
c73e,f976,0,f976
d9a9,a02b,0,d9a9
857e,b72f,0,b72f
29a5,e1ed,0,e1ed
6e76,bfdc,0,6e76
c6a4,c063,0,c86b
b39f,82e8,0,b39f
dd6f,2ed7,0,dd6f
e6f1,4c72,0,e6df
690f,3b6a,0,690f
db96,1a8a,0,db96
5987,5ec7,0,60c5
d94a,d984,0,dd67
b503,1397,0,b4ff
14e1,23e1,0,243f
b6aa,0953,0,b6a9
6889,a0a5,0,6889
3fb5,1317,0,3fb6
8350,9546,0,957b
5550,8587,0,5550
1eb4,33da,0,3408
52c8,68d5,0,68f0
6a6e,d449,0,6a4c
246c,4bed,0,4bef
cb99,255c,0,cb96
a433,4692,0,468e
973c,2242,0,215a
5211,78a0,0,78a2
142f,bba7,0,bba5
f816,e2b3,0,f831
9b5e,71b5,0,71b5
b581,edcf,0,edcf
d185,252b,0,d184
f8d0,f762,0,fc00
bdd6,de6c,0,de72
0f94,6c9f,0,6c9f
5436,cada,0,52b6
bca7,6b96,0,6b95
ac50,b9fa,0,ba84
0870,0e1c,0,102a
f69e,b4f0,0,f69e
c46b,d89a,0,d8bd
70c3,90c9,0,70c3
b7ba,eee3,0,eee3
5b4e,8cec,0,5b4e
d1df,8202,0,d1df
67be,78e1,0,791f
b83f,8a8c,0,b83f
cf0b,fe1d,0,fe1d
6d75,9100,0,6d75
784d,45fc,0,784d
2e55,d08c,0,d089
86f1,6261,0,6261
e768,55ea,0,e709
13d9,f596,0,f596
e3d7,f5db,0,f61a
b19a,1ceb,0,b173
fae1,6a79,0,fa79
dae4,6609,0,652c
88c4,7f59,0,7f59
bcad,8e9e,0,bcad
5d91,e43d,0,e1b2
bdec,d603,0,d61b
8d26,405d,0,405d
01a0,00cd,0,026d
dee3,397f,0,dee0
b968,3d18,0,38c8
9bba,b64d,0,b65c
d63a,b3b4,0,d63e
94d1,8264,0,94f7
7560,6a31,0,7626
50d3,a1a3,0,50d3
bbc5,d104,0,d123
8dd0,71f4,0,71f4
6d22,cd6f,0,6d1d
2804,33e4,0,3472
5b13,77c8,0,77d6
5b26,670c,0,67f1
6197,020a,0,6197
be99,ac3f,0,bedd
0219,3775,0,3775
cfd3,98ce,0,cfd3
1fe2,6e93,0,6e93
0230,48af,0,48af
7c95,c2eb,0,7e95
a4c5,c49d,0,c4a2
7404,32a7,0,7404
ad6f,657a,0,657a
2f50,55bc,0,55be
9b3c,4402,0,4401
0cf1,4402,0,4402
956b,bbe8,0,bbeb
bed3,5073,0,503c
97f6,0d7f,0,9696
ec73,6c64,0,d380
ecfa,a716,0,ecfa
e05b,1672,0,e05b
a9e0,1718,0,a9a7
0d4e,f91c,0,f91c
650d,23fa,0,650d
2e22,b711,0,b588
3119,e8c2,0,e8c2
558e,0456,0,558e
fe32,7852,0,fe32
40a4,13d4,0,40a4
bf03,d5cc,0,d5e8
39d7,a2fe,0,39bb
3a1d,14f5,0,3a1f
53f4,2abc,0,53f6
5a76,6631,0,6700
3015,6e09,0,6e09
1bb2,a666,0,a570
2f25,2fce,0,337a
75ec,5ec1,0,7607
7425,a687,0,7425
4739,8263,0,4739
9e14,7217,0,7217
b3b1,caf5,0,cb14
27ee,0cfa,0,2801
875e,ef6e,0,ef6e
3a75,32aa,0,3c10
938c,24ca,0,248e
4923,88c3,0,4923
8462,03c4,0,809e
86e3,b40e,0,b40e
8d55,dd98,0,dd98
35f8,226e,0,362b
0b55,15f2,0,16dd
d600,059b,0,d600
508c,04be,0,508c
e040,b9da,0,e041
ab9e,f07b,0,f07b
d64b,3dcd,0,d634
ef9c,af94,0,ef9c
8404,efd6,0,efd6
1756,011d,0,1768
e801,6574,0,e11c
3617,bc5f,0,b9b2
c605,2020,0,c603
7fb1,e03d,0,7fb1
6f10,981f,0,6f10
7e1b,df72,0,7e1b
bf39,a436,0,bf4a
5636,36b4,0,563d
d5fa,20af,0,d5fa
bb06,5750,0,5742
3942,a0bd,0,392f
8f21,885a,0,90a7
7507,ceaf,0,7505
5c38,3a8c,0,5c3b
080a,d22d,0,d22d
c7dd,9b86,0,c7de
bf51,b144,0,bffa
c98c,fa99,0,fa99
6c01,c7af,0,6bfe
8e81,8fb1,0,9319
e5de,ea37,0,ec93
0db5,4e09,0,4e09
0244,07ac,0,08f8
8000,f489,0,f489
8fb2,3788,0,3786
43d9,d175,0,d0f7
b977,4a59,0,4a02
bbe5,22e2,0,bbc9
f7a2,e98a,0,f82a
71d5,a9e8,0,71d5
d228,2ac1,0,d226
5c95,34d1,0,5c96
5646,60c0,0,6189
4fd9,5b72,0,5c37
8778,b294,0,b295
1a34,2614,0,26da
2826,5654,0,5655
3237,3336,0,36b6
775f,0d9e,0,775f
a98e,3bf3,0,3b9a
ece8,e5f1,0,ee64
f18b,61ee,0,f12c
ecbf,ff98,0,ff98
9dfe,0f43,0,9d8a
c9ea,20a7,0,c9e9
44cc,beea,0,4223
e1e6,9eb1,0,e1e6
6987,94bf,0,6987
5d88,6018,0,62dc
1de9,e397,0,e397
fd9c,4294,0,ff9c
be8f,9bf4,0,be93
3aa2,adbe,0,39ea
4cbc,aed2,0,4cb5
8fdb,9dad,0,9e2b
fb79,9a5a,0,fb79
8b2c,7d66,0,7f66
74a9,5724,0,74b0
6804,39bb,0,6804
f3c0,adc8,0,f3c0
0e61,e213,0,e213
e9ef,0b0a,0,e9ef
8381,e9ff,0,e9ff
5e58,3bfe,0,5e5c
60d6,6ebb,0,6f56
747e,107e,0,747e
cde0,118c,0,cde0
a17f,952d,0,a225
8b8f,8fce,0,91cb
32fc,9726,0,32ee
a7fb,a8bb,0,ac5c
138b,86d3,0,12b1
56c1,fb1f,0,fb1c
22fe,3eba,0,3ec8
e6fa,c381,0,e6fe
2dfb,beaa,0,be4a
5ec2,61bd,0,648f
6a75,9be9,0,6a75
ff78,4058,0,ff78
881f,d6d4,0,d6d4
65c6,c9ef,0,65ba
b509,1df5,0,b4f1
28c4,7c91,0,7e91
b3e7,9fe1,0,b413
0d40,81cb,0,0ccd
0b34,4327,0,4327
2389,9182,0,2331
d4c5,e663,0,e6af
5c5b,5d91,0,60f6
5d47,97e9,0,5d47
e3a7,31fd,0,e3a7
6342,1a4d,0,6342
7cbf,a10b,0,7ebf
fa04,f8b7,0,fc00
0747,d584,0,d584
2f2c,dc75,0,dc75
1540,7ec0,0,7ec0
e1aa,2eb0,0,e1aa
0f73,d07f,0,d07f
0ac0,fb0f,0,fb0f
022a,7a3e,0,7a3e
8c33,2c64,0,2c60
68fd,f714,0,f674
2908,1940,0,295c
3004,02bf,0,3004
634d,d461,0,62c1
70c0,dc54,0,709d
aa36,eb90,0,eb90
831f,4d6b,0,4d6b
a331,0282,0,a32c
9b39,bdef,0,bdf3
ed15,b706,0,ed15
767b,cdee,0,767a
8c78,771e,0,771e
b315,1e74,0,b2e1
10b9,6795,0,6795
bed0,ac42,0,bf14
071c,ac7a,0,ac78
1a69,d248,0,d248
4180,0e12,0,4180
85c1,7546,0,7546
2d23,f1e9,0,f1e9
ea64,5d2b,0,e9bf
6d41,14a6,0,6d41
b112,453b,0,4512
6331,18b1,0,6331
383d,586b,0,586f
c2a3,be09,0,c4d4
1fbc,6f63,0,6f63
f940,cc7e,0,f941
c7a4,6cc4,0,6cc2
ca0e,104d,0,ca0e
2548,6300,0,6300
e32c,0399,0,e32c
d397,7bcb,0,7bc9
2f51,388e,0,3978
d975,0be9,0,d975
14f8,0aae,0,15ce
3c4b,d596,0,d585
4fc9,2cb6,0,4fce
c303,048d,0,c303
82b9,61b7,0,61b7
2101,5e15,0,5e15
eda4,0438,0,eda4
3a9b,292a,0,3aee
4787,20dd,0,4789
f676,2480,0,f676
e2d2,62fa,0,4d00
cf39,24a4,0,cf38
5551,b076,0,554f
e717,08bc,0,e717
772c,d478,0,7728
ae8f,891d,0,ae92
137b,b8b0,0,b8ae
83dc,c0a8,0,c0a8
7fb8,08f4,0,7fb8
d8b7,f8e6,0,f8eb
124f,786a,0,786a
7dd5,94c3,0,7fd5
141b,c0b0,0,c0af
45d9,7cc3,0,7ec3
358c,82d9,0,358c
386d,c472,0,c3c9
2f59,b899,0,b75c
a8e2,1ad7,0,a875
4ca8,eb11,0,eb08
9225,0b82,0,9044
8004,cbf0,0,cbf0
11ca,db11,0,db11
2503,184a,0,258c
0eea,ffea,0,ffea
fcf1,12d8,0,fef1
a929,0112,0,a928
a489,76b2,0,76b2
15a4,69bd,0,69bd
5b4f,dd4a,0,d68a
a072,a4bd,0,a6f6
782c,55d8,0,782f
1be8,753d,0,753d
8d0d,c108,0,c108
f776,5656,0,f770
b753,0bf8,0,b752
ed4b,644b,0,ec38
f81c,d69f,0,f81f
889b,e8a5,0,e8a5
0899,d223,0,d223
0db0,7b18,0,7b18
77a5,7ca1,0,7ea1
2c2b,46fe,0,470f
73b5,1b01,0,73b5
2eeb,0740,0,2eed
e07b,7235,0,71ed
91b6,1317,0,0984
5e48,48e6,0,5e6f
4383,05fc,0,4383
eea6,7d46,0,7f46
baf2,4554,0,4476
9510,9a03,0,9c46
22d2,d0d1,0,d0d1
24e4,59da,0,59da
dc64,b93f,0,dc67
5170,4105,0,51c0
9474,1b01,0,18c7
d883,f07b,0,f08d
d194,08ff,0,d194
7755,07e2,0,7755
b1ab,a05a,0,b1f1
6afd,805c,0,6afd
8f09,d4a5,0,d4a5
1824,3182,0,3193
72b5,709f,0,75aa
82a9,922a,0,927f
7ec1,294f,0,7ec1
593b,53b0,0,5b27
75f5,5a30,0,7601
b565,1478,0,b561
b6de,e86c,0,e86c
d64c,afc8,0,d64e
318d,39c3,0,3b26
edf2,31d6,0,edf2
ffcd,4c82,0,ffcd
82d1,c861,0,c861
c261,c32a,0,c6c6
2955,74cf,0,74cf
729d,e666,0,71d0
4653,fc27,0,fe27
78eb,44ec,0,78eb
1edb,8fa2,0,1e61
d642,c6e3,0,d6b0
3c49,7f4a,0,7f4a
00ff,116f,0,118f
d24a,b45d,0,d253
c382,f8a2,0,f8a2
ba56,0ef6,0,ba55
9970,a2a7,0,a402
b668,6662,0,6662
b1cb,f358,0,f358
223d,d616,0,d616
6916,5386,0,6934
3638,1d11,0,364c
1618,c5b4,0,c5b4
3624,3944,0,3c2b
9a5f,92b2,0,9c06
e766,4722,0,e75f
6a77,334c,0,6a77
21ad,8c02,0,218d
5234,58ee,0,5a7b
ae57,9ddd,0,aeb5
2c72,bb9b,0,bb0d
1885,ed78,0,ed78
3978,ad83,0,38c8
96cc,0904,0,962c
d2e6,911c,0,d2e6
b2fe,e3a5,0,e3a5
e076,c513,0,e080
d778,ea50,0,ea8c
128d,69fd,0,69fd
c8d7,c457,0,cb02
e45c,74e5,0,749f
d312,2b08,0,d310
cb4c,a1c6,0,cb4d
cdc8,c982,0,d044
1702,4613,0,4613
c7d9,4395,0,c40e
c8cd,cbca,0,ce4c
2dba,7dee,0,7fee
e991,1b43,0,e991
1ec0,58bf,0,58bf
d014,9900,0,d014
0620,8765,0,8145
68ae,e002,0,675b
f32e,0334,0,f32e
b24d,3b20,0,398d
d181,5741,0,5480
7777,f27d,0,7438
7aa9,2fe1,0,7aa9
0eec,2151,0,2188
0e1c,4ea7,0,4ea7
a1ed,d062,0,d062
8d68,b0ed,0,b0f0
2906,8f06,0,28f8
6161,37b4,0,6162
c559,8fba,0,c559
e435,f911,0,f933
fa84,a428,0,fa84
1878,3746,0,374f
5373,387b,0,5385
fc74,7a38,0,fe74
ef4c,560f,0,ef34
cd7e,8090,0,cd7e
0571,62b2,0,62b2
54b9,16b4,0,54b9
4485,6383,0,638c
dff5,b30c,0,dff6
4a3d,7d82,0,7f82
d24f,1247,0,d24f
22b0,488e,0,4890
5263,ead0,0,eab6
4b2e,0a8a,0,4b2e
70bc,4a64,0,70be
4605,0a5a,0,4605
8189,9039,0,906a
ea1c,d672,0,ea50
2a36,c6ec,0,c6e0
cac6,2f78,0,cab7
42a8,fe6f,0,fe6f
3adf,8af6,0,3adf
c6a8,7c1a,0,7e1a
8e63,7220,0,7220
067c,6301,0,6301
a374,04b2,0,a36b
9c47,bf54,0,bf58
2d02,c198,0,c170
80dc,c9fe,0,c9fe
f68b,a84a,0,f68b
e62e,f5cb,0,f62e
b227,da8c,0,da8e
5df0,072a,0,5df0
b8c7,4fd8,0,4fb2
830a,82e5,0,85ef
3de3,687d,0,687e
4663,dbcd,0,db9a
7b91,a38a,0,7b91
4b70,91ed,0,4b70
7064,be3d,0,7064
e48e,b16d,0,e48e
214d,a41c,0,9dd6
ff55,5a94,0,ff55
b277,b11b,0,b5c9
99a3,43cc,0,43cb
4e11,7d15,0,7f15
083f,ec8e,0,ec8e
bebb,4c1b,0,4b5f
57d2,924d,0,57d2
b5a0,cf9d,0,cfb4
9bdd,0da7,0,9b28
0321,8cf2,0,8c2a
587a,e0e2,0,df87
2dcf,a45c,0,2cb8
9d90,d4e7,0,d4e7
00f7,6480,0,6480
0975,e41f,0,e41f
2b6f,f76a,0,f76a
f330,2b7a,0,f330
8687,c007,0,c007
95c1,355e,0,3558
8ded,606a,0,606a
efce,8b0b,0,efce
0eb7,a613,0,a5f8
cd6c,b0be,0,cd75
5afc,c5b8,0,5ace
30ed,fb64,0,fb64
9bfa,6e13,0,6e13
1f1c,a6d5,0,a50e
de97,fc78,0,fe78
65d8,5aa0,0,66ac
bea0,5dea,0,5de3
a536,3444,0,33e1
3219,54a3,0,54a6
a478,72b6,0,72b6
2a91,fa66,0,fa66
2d71,ae82,0,a444
cfcd,7d00,0,7f00
3270,900b,0,326c
2ac9,9453,0,2aa6
429b,4867,0,4a0e
ea21,be96,0,ea22
c22f,8e29,0,c22f
bc99,3df5,0,3570
41a6,6b2a,0,6b2b
6d8d,a25c,0,6d8d
48ae,0d22,0,48ae
37bc,35f4,0,3ad8
4f5e,beef,0,4eef
eaf3,2436,0,eaf3
aaf9,d1cc,0,d1ce
98e8,faba,0,faba
4190,2b59,0,41ad
3012,df23,0,df22
a8e4,015e,0,a8e3
1b58,05b0,0,1b86
9dc4,611e,0,611e
3d00,bf96,0,b92c
b926,f8b0,0,f8b0
f790,0e6f,0,f790
5975,4950,0,59ca
418e,3b99,0,4374
45d4,05e9,0,45d4
9324,39a5,0,39a3
8402,feea,0,feea
040d,8b93,0,898c
1dd5,3189,0,31b8
90d7,235b,0,230e
d66b,361b,0,d665
bbaa,3a5d,0,b134
eb24,37f6,0,eb24
5625,8ceb,0,5625
124b,1319,0,16b2
172c,1385,0,1977
155c,5e97,0,5e97
8f56,5925,0,5925
a350,b402,0,b43c
cdb7,6f85,0,6f7f
2b8f,fb3e,0,fb3e
d126,0008,0,d126
fcab,5c92,0,feab
b33c,0d59,0,b339
170b,7a83,0,7a83
be43,32dd,0,bd67
8463,8329,0,878c
34fa,cb26,0,cafe
a2cb,43a5,0,439e
ac47,a8af,0,ae9e
9397,462c,0,462c
697a,63bf,0,6b6a
de8d,2596,0,de8d
9457,0846,0,939c
02e9,b1cd,0,b1cd
6795,170b,0,6795
a360,c034,0,c03b
34bf,f492,0,f492
b19b,8c61,0,b19d
3e5c,e333,0,e330
06e4,c1c7,0,c1c7
ab7e,11ec,0,ab66
8cdb,5a70,0,5a70
5e7c,4494,0,5e8e
91cf,390c,0,390b
a46b,0bce,0,a45b
b462,3fcc,0,3eb4
3fe7,1584,0,3fe8
6614,7e9f,0,7e9f
f513,ff41,0,ff41
40a1,7de3,0,7fe3
f876,beb9,0,f876
2c4d,257c,0,2dac
396d,e263,0,e262
1300,0601,0,13c0
dbf7,bb86,0,dbff
57df,2263,0,57df
6961,ccf3,0,6957
c839,4fa8,0,4d8c
eb5a,68a6,0,e568
1f48,5154,0,5154
0952,9bfc,0,9ba7
21cb,238c,0,26ac
b771,7ff4,0,7ff4
61d1,2684,0,61d1
1618,7866,0,7866
c3b6,c208,0,c6df
9a51,9320,0,9c0c
c911,8791,0,c911
114a,05ba,0,1201
7e75,04c3,0,7e75
973b,fe2d,0,fe2d
11af,ee59,0,ee59
97d6,0b94,0,96e4
a8fb,c0da,0,c0ee
abaf,0b8c,0,aba7
3ce4,0184,0,3ce4
fc9f,7432,0,fe9f
622a,5b10,0,63ee
ab57,0f26,0,ab49
a66e,0a27,0,a662
bec6,d2a2,0,d2d8
442a,5559,0,559c
de20,b9e3,0,de23
e272,41ab,0,e26c
910c,57e9,0,57e9
0038,a777,0,a777
929c,408f,0,408f
f21e,10db,0,f21e
5cc0,ec77,0,ec2b
9955,6f81,0,6f81
618d,c53f,0,6183
9ae1,d556,0,d556
485b,9c18,0,485a
e33c,58f7,0,e1fe
eb83,cc8a,0,eb8c
02f0,0605,0,087a
0b7c,ced6,0,ced6
2f18,8834,0,2f16
d4b3,e24f,0,e2e5
9bf9,d246,0,d246
d6a1,e254,0,e328
ccba,b7ef,0,ccda
100b,8bef,0,0c1e
5eb4,ece2,0,ec77
1576,258b,0,25e2
e20a,e5ef,0,e87a
cea4,d24c,0,d4cf
c9b2,7d20,0,7f20
f7b6,88a6,0,f7b6
4930,d75b,0,d6b5
9df0,aa86,0,ab44
6b3a,ef78,0,ebb6
3dd3,7268,0,7268
8ee5,b58d,0,b58f
6c94,e9ec,0,6678
8ac1,fe2d,0,fe2d
3d83,7a7b,0,7a7b
4e2e,0716,0,4e2e
0485,6fac,0,6fac
f331,ebbc,0,f490
5424,7d23,0,7f23
0a83,8b8f,0,8218
a1d9,0a3a,0,a1c0
7705,b25d,0,7705
b900,b0d5,0,ba35
1fd2,2752,0,28a3
5601,0b9b,0,5601
bdd4,15e9,0,bdd3
713a,3fcd,0,713a
8855,a725,0,a72e
9681,da2c,0,da2c
9d2b,80f4,0,9d2f
d500,4dc9,0,d31c
3a2b,1371,0,3a2d
946a,a36a,0,a3f7
5904,9e81,0,5904
6d9f,361d,0,6d9f
933a,31f7,0,31f0
c44f,9526,0,c44f
8770,ef47,0,ef47
a4f8,a97a,0,abf6
426b,2e06,0,429b
9da8,fb4b,0,fb4b
fa65,33e0,0,fa65
024f,7c17,0,7e17
61fa,5f2b,0,64c8
7f9f,9c2d,0,7f9f
b303,a933,0,b428
0ac1,ab3c,0,ab35
4306,b263,0,42a0
f1aa,4477,0,f1a9
be6d,8963,0,be6d
34c4,9368,0,34c0
d2e0,d012,0,d579
ae5f,0520,0,ae5e
43f7,0f65,0,43f7
113d,c035,0,c035
2b98,c909,0,c901
756a,912b,0,756a
c8a2,2fc2,0,c892
06b8,bf7e,0,bf7e
da4d,0af9,0,da4d
157a,ae29,0,ae13
6ebb,3744,0,6ebb
5831,48e3,0,587f
8caa,494d,0,494d
9a84,4ba2,0,4ba2
34f6,37fe,0,3a7a
4675,f8bb,0,f8bb
2b3f,9152,0,2b2a
2994,d0c3,0,d0c2
80b8,7072,0,7072
6c5a,0c73,0,6c5a
5eba,5141,0,5f62
206e,749d,0,749d
f714,dad6,0,f722
a1b2,06bd,0,a1a5
715c,b01e,0,715c
d4cf,717e,0,7174
e12b,16ed,0,e12b
4cc7,51eb,0,5427
9a88,3db4,0,3db1
b3b2,2efd,0,b034
5669,a5b9,0,5669
2b8c,2e36,0,30fe
4d86,d6dd,0,d57c
ae1b,c090,0,c0c1
014d,bd74,0,bd74
1eed,388f,0,389d
58ef,cc30,0,5869
bca4,1945,0,bca1
34ec,fdcd,0,ffcd
26e4,22b9,0,2920
c9bf,948b,0,c9bf
35fe,1f82,0,361c
b939,0b12,0,b939
18f9,6c7c,0,6c7c
b137,3628,0,3319
8484,7e50,0,7e50
79ad,22b4,0,79ad
c307,c5f7,0,c8bd
2073,e8f4,0,e8f4
ad59,f8c0,0,f8c0
1af5,b0f1,0,b0d5
a0db,db37,0,db37
8d53,1408,0,1166
4012,72f9,0,72f9
f6a9,3f6e,0,f6a9
7e9f,0372,0,7e9f
be1d,9eee,0,be24
8dbf,5d65,0,5d65
079c,9f3c,0,9f1e
5499,dc45,0,da3e
09be,5bdb,0,5bdb
10d3,250b,0,2532
602e,ff1c,0,ff1c
0c58,7cce,0,7ece
f02f,b3b9,0,f02f
20a7,e7d1,0,e7d1
f0bf,ba23,0,f0bf
2ba5,b26f,0,b086
ffb6,6179,0,ffb6
5f01,a112,0,5f01
9583,e325,0,e325
fc77,cbf2,0,fe77
9f20,8ef0,0,9f8f
75d4,556b,0,75d9
545e,d1a0,0,4e38
71bb,0732,0,71bb
5e8b,bc8d,0,5e86
bc83,28b1,0,bc5d
ba95,d09e,0,d0b8
230e,547c,0,547c
05de,87dc,0,81fe
e190,fce3,0,fee3
2a00,2f64,0,3132
dc70,4873,0,dc4c
ae10,2d3f,0,a288
f060,db0c,0,f07c
5622,c68e,0,55b9
108f,82f6,0,1030
0b04,07ad,0,0d6d
12c6,9d33,0,9c5a
681e,2041,0,681e
2592,eef0,0,eef0
97d7,5490,0,5490
c833,ddbb,0,dddd
8e61,7a0d,0,7a0d
cadb,09d3,0,cadb
224a,4b57,0,4b59
dc5a,e91b,0,e9a6
d6bb,ebb3,0,ebe9
082d,f0a1,0,f0a1
e678,1cb2,0,e678
5dcd,0eca,0,5dcd
0a9c,24d4,0,24e1
db2b,c8f4,0,db7a
3ff0,180a,0,3ff2
a0c5,c3dc,0,c3e1
aa83,7605,0,7605
d403,7522,0,751e
cd4b,26c2,0,cd49
6f79,08ad,0,6f79
34b1,92bf,0,34ae
8b7e,6c90,0,6c90
2353,da6f,0,da6f
b84e,8729,0,b84e
543b,7a07,0,7a09
4129,a58a,0,411e
6a14,3f56,0,6a15
3561,95dd,0,355b
2ebf,8ce8,0,2eba
f2a2,cd97,0,f2a5
c3af,4e12,0,4d1c
9557,0092,0,954e
398c,b0a5,0,3863
5ba5,a3dc,0,5ba5
4f63,2da8,0,4f69
bc99,dcbb,0,dcc0
9d49,d298,0,d298
3c35,f8ed,0,f8ed
10ec,15cc,0,1821
9e8b,5989,0,5989
bb80,c2ef,0,c468
3694,27ff,0,3714
23e2,ba8c,0,ba6c
cc08,feda,0,feda
b1fc,c812,0,c82a
26d9,8849,0,26d0
bce1,d532,0,d546
a0ee,6a2a,0,6a2a
3aed,7892,0,7892
ebd1,675e,0,e822
7b95,5812,0,7b99
d268,0eac,0,d268
dfd2,a2ea,0,dfd2
c488,911a,0,c488
ea2c,c3fa,0,ea2e
a5a6,5ea5,0,5ea5
6ffb,59c0,0,7014
e06e,3ac0,0,e06c
d7f6,1887,0,d7f6
a634,cd41,0,cd43
d343,5d1f,0,5c37
907d,7f0b,0,7f0b
e60b,054b,0,e60b
6f8e,f481,0,f13b
1bca,90d2,0,1a96
fefe,736d,0,fefe
6cd4,26c8,0,6cd4
3c97,2b96,0,3cd4
e210,62c6,0,55b0
f7c6,71ee,0,f4cf
c225,3445,0,c19c
b1de,a8ed,0,b319
e8a5,908e,0,e8a5
c214,f9f1,0,f9f1
afbf,2b93,0,abeb
ed41,7ad2,0,7a2a
95fb,fb10,0,fb10
82e4,25fa,0,25f7
4aee,a50d,0,4aeb
9678,c769,0,c769
0016,bd50,0,bd50
becd,c945,0,ca1f
e6bd,4a0d,0,e6b1
c7aa,cebc,0,d053
cd79,d087,0,d344
29a7,d843,0,d843
b267,e593,0,e593
8cfb,308d,0,308b
c634,5e04,0,5deb
efcd,f24e,0,f51a
e254,4b5c,0,e237
44cf,b5cd,0,4472
6a86,f888,0,f820
614b,d15b,0,60f5
91a4,5060,0,5060
8b25,df65,0,df65
0ad5,4411,0,4411
f09d,2810,0,f09d
5dc0,e60b,0,e49b
efd7,239a,0,efd7
205b,6ca4,0,6ca4
e938,9aa5,0,e938
80b7,147c,0,1471
d548,6526,0,64d2
64ec,a638,0,64ec
0ae3,f3a7,0,f3a7
208c,fd10,0,ff10
d6e8,740a,0,7403
13f7,33f5,0,33fd
aa47,7d34,0,7f34
f309,53d7,0,f301
e186,46b5,0,e179
07b1,2127,0,2136
e81d,fae9,0,fb2b
7110,9ff4,0,7110
9d6b,1256,0,9ca0
279c,59ea,0,59ea
2fe6,3084,0,343c
c202,2a16,0,c1ea
83b7,e4bf,0,e4bf
9845,7109,0,7109
25fc,eedc,0,eedc
33bd,a9f1,0,3241
5055,ffe1,0,ffe1
d814,d086,0,d936
9a2e,2c9f,0,2c6e
fbd4,8c13,0,fbd4
2a73,7371,0,7371
b3e6,7c9d,0,7e9d
49a8,f6b1,0,f6b0
d961,1581,0,d961
52b5,ab8b,0,52b3
e559,0f60,0,e559
e21f,9a17,0,e21f
f9bc,1dce,0,f9bc
5f20,040d,0,5f20
29cf,d769,0,d768
6c25,a646,0,6c25
f869,2a13,0,f869
9751,3c38,0,3c36
2a7c,dece,0,dece
9a20,d051,0,d051
5faf,b153,0,5fae
5900,6f60,0,6f88
ddaa,a8e9,0,ddaa
3edf,38e5,0,40a9
f685,aefc,0,f685
e064,187a,0,e064
e308,f79b,0,f7d3
17ef,e6f7,0,e6f7
989a,c9fc,0,c9fc
c23c,380e,0,c138
6594,8f39,0,6594
e8e0,57c1,0,e8a2
ff37,5872,0,ff37
823e,ebbf,0,ebbf
e2cd,e18c,0,e62c
8f70,e6a5,0,e6a5
565e,8c9c,0,565e
1af1,015d,0,1afc
0865,4aa3,0,4aa3
42a5,4903,0,4aac
75f5,1ef6,0,75f5
9893,8fc9,0,998c
0d5e,4b00,0,4b00
6e83,da97,0,6e4e
c1da,5f60,0,5f54
bfff,5c7a,0,5c72
d437,05fb,0,d437
aee9,2bfd,0,a9d5
720b,050f,0,720b
6f97,0a1c,0,6f97
acc8,c46c,0,c47f
fef6,28f8,0,fef6
1704,a2b3,0,a1d2
1685,8dec,0,150a
debf,3b83,0,debb
b074,75ce,0,75ce
175c,a741,0,a6cb
c6c8,19fd,0,c6c7
02bb,e98b,0,e98b
9f6e,512d,0,512d
1b6f,53d7,0,53d7
fc66,5cfc,0,fe66
b3d9,ce80,0,ce90
3774,5366,0,5375
3164,9ac5,0,3149
89e1,c716,0,c716
6f2d,4993,0,6f30
6d06,e06c,0,6c78
a579,863a,0,a57f
4140,834b,0,4140
c9e5,92a2,0,c9e5
b26d,a781,0,b35d
5497,c944,0,53dd
44db,b99e,0,4427
1045,da85,0,da85
46d0,e389,0,e37b
e063,e3f8,0,e62e
41b2,d687,0,d659
b8bb,83c7,0,b8bb
b9f4,140c,0,b9f2
4d15,6935,0,693f
4775,cd1f,0,ca84
12d3,e9c3,0,e9c3
deea,a1da,0,deea
5fa3,1b3d,0,5fa3
8bec,5fbd,0,5fbd
8528,48ab,0,48ab
2d58,1bd0,0,2d96
5c4d,5c55,0,6051
5278,802a,0,5278
a9d8,a9e8,0,ade0
07b2,2991,0,2995
bd30,25e7,0,bd18
7dc7,8e02,0,7fc7
2353,0018,0,2353
24c6,a368,0,1c48
381b,a5c0,0,37da
0521,c6fd,0,c6fd
2ba6,875c,0,2ba2
2856,4aec,0,4af0
6f71,93fc,0,6f71
9171,826b,0,91be
5136,834c,0,5136
c1d7,5d9e,0,5d92
d70d,c276,0,d741
dcb6,e8e3,0,e97a
6afd,9410,0,6afd
63ca,fbd3,0,fbb4
c642,3af7,0,c563
bfdb,de9f,0,dea7
1974,66f4,0,66f4
5eb0,5033,0,5f36
4c9f,a95b,0,4c9c
0c57,042b,0,0d62
6c94,0bbd,0,6c94
099e,68e4,0,68e4
75d2,fc5e,0,fe5e
e0c9,ae92,0,e0c9
96f6,d3a1,0,d3a1
6c77,9b51,0,6c77
26e1,193d,0,2789
f2fe,617c,0,f2a6
8c6e,b095,0,b097
88cd,c002,0,c002
50a9,d3dd,0,ce68
c893,26da,0,c890
8f05,14c3,0,1204
d799,3eff,0,d77d
4773,e854,0,e850
a158,46e8,0,46e5
080b,a7b9,0,a7b1
2efa,d77c,0,d77a
9d28,1f93,0,18d6
4908,090c,0,4908
2b7e,b348,0,b168
fb61,c61c,0,fb61
f9e7,38f9,0,f9e7
9504,480f,0,480f
7340,27d9,0,7340
a092,cef2,0,cef3
c5cf,c807,0,caee
fa8a,e627,0,fabb
e55f,0b96,0,e55f
a0a6,2e40,0,2dab
ee3d,991b,0,ee3d
e474,89a2,0,e474
41da,7966,0,7966
164a,9225,0,126f
e265,62d8,0,5330
de3c,e6c3,0,e829
c12a,8ec4,0,c12a
108d,f710,0,f710
7e60,36db,0,7e60
98be,6020,0,6020
ee3e,91d5,0,ee3e
08b8,64a0,0,64a0
a914,e280,0,e280
20fc,7e4d,0,7e4d
767b,b314,0,767b
d3b2,a065,0,d3b2
5175,7cb4,0,7eb4
5785,02a0,0,5785
c8f2,f2fa,0,f2fb
ec64,6467,0,ea94
534f,4c49,0,54ba
f3db,6ee0,0,f06b
6927,086f,0,6927
f8b3,9568,0,f8b3
22cb,e994,0,e994
8027,7e36,0,7e36
89e8,957c,0,9639
bb13,d214,0,d230
dac4,0c04,0,dac4
6a50,fff2,0,fff2
5bff,227c,0,5bff
1b4c,701e,0,701e
2e4e,7bd0,0,7bd0
9129,c2fb,0,c2fb
c35b,61cc,0,61c5
3d61,fe56,0,fe56
d76b,713b,0,712c
08bb,3e04,0,3e04
2cce,f74f,0,f74f
1502,67b2,0,67b2
4a7a,8996,0,4a7a
a582,52e9,0,52e8
ccdc,c857,0,cf08
9f7e,732b,0,732b
c7fa,9d25,0,c7fb
914b,c382,0,c382
f37b,ed1c,0,f504
c378,b60e,0,c41d
a2f1,e3be,0,e3be
6256,1098,0,6256
e495,780c,0,77cf
1b7c,3444,0,3453
3f54,a3ab,0,3f45
1248,0e9f,0,14cc
2501,dd6f,0,dd6f
db8a,af1c,0,db8b
e28f,bb54,0,e291
910d,bfd9,0,bfda
a698,484a,0,4847
ce6a,5134,0,4bfc
9836,28f2,0,28af
a05e,5664,0,5664
d02c,5a70,0,5965
2289,56bb,0,56bb
eb4e,7028,0,6ca9
1a57,3a77,0,3a7d
5d1e,04a6,0,5d1e
5346,62de,0,6352
b4eb,ca8f,0,cab6
4df4,2a4d,0,4df7
9f66,53d1,0,53d1
923e,a2b7,0,a31b
c452,3828,0,c39a
47ca,dc73,0,dc54
85a5,999f,0,99cc
462e,b823,0,45aa
56a9,586b,0,5bc0
271a,9769,0,26a3
affb,a876,0,b11b
fcca,e101,0,feca
5ef3,0dcc,0,5ef3
36fb,906c,0,36f9
0412,91de,0,915c
5311,ed13,0,ed05
9764,aede,0,aefc
0c76,63bd,0,63bd
92bb,25b2,0,257c
c01a,46e7,0,44da
3e58,06a2,0,3e58
6fbd,3233,0,6fbd
fd1c,b3e4,0,ff1c
c623,ffe2,0,ffe2
c6f1,0ec7,0,c6f1
7e0e,c9fe,0,7e0e
a3ea,7ab5,0,7ab5
c8b6,2d1a,0,c8ac
8c09,1254,0,1050
cd64,17dc,0,cd64
fc6b,8155,0,fe6b
77ef,b5e9,0,77ef
a36c,9ab6,0,a48d
1709,022a,0,172c
de71,b859,0,de73
348e,f6d2,0,f6d2
4c24,7c46,0,7e46
8d6c,776f,0,776f
faeb,b460,0,faeb
8dd8,7d94,0,7f94
7ffa,2e49,0,7ffa
c499,cf48,0,d037
9956,467c,0,467b
7054,b976,0,7054
0f70,c0aa,0,c0aa
6a87,ba6c,0,6a87
c9fa,30b9,0,c9e7
bc0c,2bc3,0,bb9c
5150,46a9,0,5225
7d23,974a,0,7f23
a954,0155,0,a953
67c4,5c88,0,6873
8864,7a87,0,7a87
e2e7,7875,0,7859
fe95,bf6e,0,fe95
b42d,39e8,0,37a3
fe6a,2a6f,0,fe6a
aca9,2a4a,0,a610
d3a3,8d6d,0,d3a3
1403,6197,0,6197
8b1d,1655,0,1571
82b2,29e5,0,29e4
fb57,cb21,0,fb57
f977,027a,0,f977
d1c5,43e1,0,d147
a99e,5061,0,5060
75a1,5809,0,75a9
7174,ac19,0,7174
4572,570f,0,5766
c579,939c,0,c579
f53a,4bb0,0,f539
98e2,70d5,0,70d5
988d,7e66,0,7e66
90b7,3d99,0,3d98
f353,76b7,0,721b
36e4,f09a,0,f09a
4f6c,13e0,0,4f6c
222d,eddc,0,eddc
073e,6a51,0,6a51
f732,ad2a,0,f732
b820,0cf1,0,b81f
34a9,b85b,0,b40d
4260,1219,0,4260
a31c,b928,0,b944
ef4b,454c,0,ef4a
1c1c,89e4,0,1bda
db9b,0d8e,0,db9b
bcfa,5a04,0,59fa
0e9b,758d,0,758d
f301,308e,0,f301
f3a3,863d,0,f3a3
2c38,9fb4,0,2b7a
2e29,f8a0,0,f8a0
4141,af01,0,4109
811e,3a37,0,3a37
f718,7634,0,eb20
afaa,18a0,0,af85
f2cc,c599,0,f2cd
1e35,c3c6,0,c3c3
6aa0,9080,0,6aa0
70c6,e389,0,704d
93fe,39db,0,39d9
77b2,11f1,0,77b2
e7c7,99db,0,e7c7
ea8c,c7a0,0,ea90
0d0f,06a4,0,0eb8
8f3e,c55c,0,c55c
1c13,864a,0,1bf4
7b39,0d80,0,7b39
6388,a664,0,6388
43a2,7802,0,7802
e3ae,3694,0,e3ad
3d1d,63df,0,63e2
0a38,6e56,0,6e56
a34a,afa4,0,b047
1e87,8777,0,1e69
a578,d908,0,d908
cf80,63b2,0,6376
1260,2c93,0,2ca0
70ed,3f05,0,70ed
bc58,5a58,0,5a4f
fdcc,0346,0,ffcc
bec6,1de5,0,bec0
4ba2,6e6b,0,6e6f
b27d,8066,0,b27d
8eaa,5c3e,0,5c3e
a7f5,34ab,0,342c
4524,5999,0,59c2
5b3c,10dc,0,5b3c
3261,cd2a,0,cd1d
d1b5,540d,0,4cca
334c,57a8,0,57ac
78a0,4688,0,78a0
c108,4dd4,0,4d33
bedf,8bf6,0,bedf
d140,65d0,0,65a6
636d,1cdd,0,636d
93d5,67f0,0,67f0
533d,452e,0,53e3
7f94,357e,0,7f94
744c,2959,0,744c
e266,e77e,0,e958
f6ce,1392,0,f6ce
25f1,9b04,0,2510
a019,e8ec,0,e8ec
f44e,987f,0,f44e
fa2a,b512,0,fa2a
4df5,693d,0,6949
b7ce,d4c9,0,d4d1
811c,05c8,0,04ac
99ff,bffd,0,c000
ee39,5255,0,ee2c
ec5a,0534,0,ec5a
88ca,7e4e,0,7e4e
7237,f256,0,dbc0
38c9,0efa,0,38ca
b367,fc54,0,fe54
813a,f0cc,0,f0cc
2c2a,157d,0,2c40
fab2,02f7,0,fab2
d848,b352,0,d84a
5aa8,56e4,0,5d0d
d500,78dd,0,78da
aa3b,27a1,0,a4d5
abd6,f980,0,f980
e88a,b1a5,0,e88a
f7c3,1e7d,0,f7c3
8e26,6764,0,6764
c0cc,72b0,0,72b0
b615,24fd,0,b5c5
ae43,39c9,0,3901
f930,8ef1,0,f930
4fb8,4535,0,5083
6038,dc49,0,5c27
bf8b,7ff5,0,7ff5
d5f1,9817,0,d5f1
4e6e,bb77,0,4e32
a5d7,0a59,0,a5ca
143f,57ac,0,57ac
9eb3,d0c0,0,d0c0
37b9,2b90,0,3856
2480,9dea,0,220b
f41e,5b4e,0,f40f
6f49,bd3c,0,6f49
0b61,378f,0,3790
9a0f,57fe,0,57fe
406e,e4ee,0,e4ec
e354,3063,0,e354
b4ab,de3c,0,de3d
80d6,8c2a,0,8c60
6950,7b07,0,7b5c
f61c,b4ca,0,f61c
54df,47e5,0,555d
b914,93bc,0,b916
d49c,4608,0,d43c
c64a,4cdb,0,4a91
1981,2022,0,2182
5931,4240,0,594a
ef74,d58c,0,ef8a
60d5,26e8,0,60d5
09ff,e7db,0,e7db
9d46,e2c5,0,e2c5
6ca3,37d1,0,6ca3
898b,bf66,0,bf66
6a86,c415,0,6a84
9020,6b2f,0,6b2f
752c,5af3,0,753a
6d30,046f,0,6d30
88cb,1d0d,0,1ce7
048a,88ec,0,854e
02c1,3206,0,3206
f220,920d,0,f220
9cca,a649,0,a77c
65d3,452f,0,65d8
f8bc,51a6,0,f8bb
3117,260e,0,31d9
9364,493c,0,493c
9c95,16a6,0,99d7
6a57,4190,0,6a58
f841,7f8f,0,7f8f
4fa1,4276,0,5038
7537,a0d2,0,7537
e435,62b2,0,dae0
f7ac,2e5c,0,f7ac
540a,5aed,0,5c79
edde,be4a,0,edde
b631,7890,0,7890
3783,e415,0,e415
ff28,ebea,0,ff28
9f36,7bb2,0,7bb2
daf8,01c6,0,daf8
74b4,c78c,0,74b4
3f64,7109,0,7109
1805,1160,0,195d
7e93,4a18,0,7e93
d4e2,9bf2,0,d4e2
5a97,2b3f,0,5a97
4f20,36b4,0,4f3b
0979,a5f2,0,a5e7
1606,7d54,0,7f54
2c46,8980,0,2c43
ca0a,b69e,0,ca3f
98e3,bb70,0,bb75
45d2,c122,0,4282
c2db,e0d4,0,e0db
6101,8859,0,6101
6d09,34b8,0,6d09
c437,d4e1,0,d524
1eba,32b6,0,32ec
4179,2c69,0,419c
a034,a132,0,a4b3
69ca,022f,0,69ca
b1d8,cf02,0,cf0e
97f8,ece5,0,ece5
