c540,3c92,b515,c5a4,3da6,393f,34a1,bb40,b742,3d5a,bf44,4881,2e4b,3b57,bb20,4200,be27,be26,bf37,ad20,c87b,37ae,b4bf,4490,c1f9,3f31,3f4f,3e0d,be81,b80e,bb43,bcc4,3f14,3f12,2
Exponent - Got: 7e, Expected: 7e
c83c,31da,bc18,2f37,2e2a,4398,bb12,449a,3b5f,ade6,4664,3e85,c6a8,c7c0,af9e,3c3f,3149,3f35,3f5a,2d57,c3fc,4083,c279,b966,b105,c50d,2f6c,b8d7,31f2,48a5,c718,bdfa,beea,beec,2
Exponent - Got: 7d, Expected: 7d
4864,c1df,478c,4709,bd70,c5f6,4232,4046,44d6,af62,bae1,b8ae,4210,4345,c646,c79d,c849,3177,3cc7,349b,3d06,325c,c472,45bd,3893,46f7,410b,c783,4524,ba1e,c29c,c5ee,bf19,bf17,2
Exponent - Got: 7e, Expected: 7e
afa6,b62a,ae73,4915,3d0d,40aa,c977,b17b,ae78,3442,b7be,b282,3b64,b241,b274,4356,306d,be53,2f8b,3195,442a,3ef5,34ee,b396,3b36,bcd7,c527,48bc,4691,31ff,c3ca,38e3,becd,bed8,11
Exponent - Got: 7d, Expected: 7d
47f9,c8f4,2f01,b9ad,b8a4,3199,2ecd,32f6,bd2d,c242,2f0b,3c11,3a3a,3c9e,c4b0,429c,34b5,42e4,b5aa,395a,bd41,35aa,2d78,c173,3a88,3b8c,2d66,b129,48bc,427c,2f2f,c635,bf3e,bf40,2
Exponent - Got: 7e, Expected: 7e
4257,39f7,c732,ba18,c03c,b30f,440e,4766,b1a4,c5d2,b102,4356,48b1,48a3,c62f,390f,322e,b5ac,bd6a,34bf,3d86,b701,3e11,c976,4643,be85,b8e1,4876,4746,add5,b83b,bf11,3e0b,3e20,21
Exponent - Got: 7c, Expected: 7c
3391,4395,2d63,3cbf,afd9,b0d2,b5da,4539,3bce,2d43,c284,ba65,3d8e,4614,b526,c5fd,39c4,b251,2fc2,39b4,c918,3c0c,beb3,3be9,42e4,c412,b3df,3399,3a10,39bd,4917,3600,3fe2,3fe4,2
Exponent - Got: 7f, Expected: 7f
ae65,3ef4,37ac,bab0,afb4,3886,38a4,b007,30d4,b34e,c658,c50d,c70f,3544,c78b,bbcd,41c0,bb4c,c0a7,3f19,2dda,35fa,c6fe,c016,bbcf,3989,bf2b,480e,3ed9,462a,427b,aeae,3a80,3ac0,64
Exponent - Got: 75, Expected: 75
37d3,3d1f,c280,34e7,bc50,36cf,bec7,ae46,4697,2e8a,3972,42e0,3d24,c850,4058,42f7,b800,328b,362b,3635,4355,3a49,3820,c03d,c72d,3f1a,4868,b152,be6b,bf66,ba59,ae4a,3d96,3d8e,8
Exponent - Got: 7b, Expected: 7b
c56d,c521,35fe,bac6,b7ae,3c09,491f,326e,3120,3b10,44fd,c3b9,4723,c23e,3e99,3415,2fbc,c394,c8f5,471f,b2e8,c710,c82e,2ebd,ae83,c639,3e0b,401b,bfb8,ad30,b353,bc2a,bda9,bdb8,15
Exponent - Got: 7b, Expected: 7b
