b0eb,3bc5,bfd9,4634,c3c7,47e0,c847,4814,b530,b1b6,c35b,c6cc,3ca6,b7fa,34e4,b22d,b4a1,afaf,3ea2,b612,3b98,3f9e,445b,3e42,3ccb,c03a,b5d8,34b7,b447,c7bd,473e,3906,3e47,3e44,3
Exponent - Got: 7c, Expected: 7c
bbc5,48ba,42a2,3873,3b97,4592,c913,3005,4029,b094,af6a,b691,b5ef,aecb,af61,ae30,46b7,2d8d,b1de,384d,c598,c336,c35e,3136,3032,b354,4827,46d5,37ad,ae6d,37b5,3edd,3d91,3d80,17
Exponent - Got: 7b, Expected: 7b
2f25,b0cf,c81e,31a7,bec8,2e47,bff5,440d,42b8,37af,425e,372b,c452,c48e,365d,bf98,362c,318e,b05b,493c,b13f,bb0c,c916,3670,bde8,b353,45fb,c3fd,c2ec,3126,3c2a,4086,3db9,3dc0,7
Exponent - Got: 7b, Expected: 7b
ba1e,b24b,c936,4264,b200,b833,2fd1,b171,adc4,bbb7,4771,424e,3444,4824,442a,b415,46c3,355b,b9e9,be77,3a14,3984,ba31,b9f7,b04f,41eb,c3db,4896,b455,40b8,4833,af4f,3fb0,3fb2,2
Exponent - Got: 7f, Expected: 7f
aeed,b6bc,c0e6,bda0,bf2b,c912,38b5,b961,b7cc,b465,b29d,4155,b60c,36a3,b0d1,3bc6,b0fc,bce1,af9e,37cc,bad6,b7e0,bb49,bcdd,b1e2,4912,2fc2,bfe5,bcac,c06a,b3d4,b008,be10,be00,16
Exponent - Got: 7c, Expected: 7c
b7e0,c4d5,3000,ada3,4090,3b38,2e85,c271,b1c4,2fa8,3376,b230,c80c,c499,c65f,ba28,3959,40a4,4648,c574,46c8,40d2,45f6,3a02,b2cc,b194,482b,2f49,c56e,c750,433c,31ec,bd74,bd70,4
Exponent - Got: 7a, Expected: 7a
bc9a,3672,35e5,3f81,3751,3722,b4fd,471d,c395,c00c,32d1,487e,c5cc,b54f,b3aa,3160,b842,bac1,409a,34d1,3f34,41c9,b6c3,45ed,c893,371a,41a4,be56,c222,38ef,33aa,b523,bf45,bf42,3
Exponent - Got: 7e, Expected: 7e
32b0,484e,40f0,334f,381b,453b,b368,b510,b36f,c607,b216,3739,c4c6,c699,31ea,3130,4656,42c9,c728,baa7,3d79,b327,b18a,348e,b1eb,3ca1,c604,c231,bcee,b132,af32,c80f,be4d,be48,5
Exponent - Got: 7c, Expected: 7c
