c79d,bdf4,30cf,369f,b9ba,c525,c076,3a82,2da4,475d,b1a7,b413,b50b,b237,b28d,3c58,bf78,c563,33ef,35f7,3528,3428,b4b3,3655,46ef,b739,b6d7,2d20,bf3b,359e,c015,c3fc,3cc1,3cdc,27
Exponent - Got: 79, Expected: 79
bbc5,48ba,42a2,3873,3b97,4592,c913,3005,4029,b094,af6a,b691,b5ef,aecb,af61,ae30,46b7,2d8d,b1de,384d,c598,c336,c35e,3136,3032,b354,4827,46d5,37ad,ae6d,37b5,3edd,3d91,3d98,7
Exponent - Got: 7b, Expected: 7b
40b4,bd3e,355d,b744,3e0f,c44b,42ae,b6d2,2e5f,3f2f,3f84,3921,35ae,2dd5,c50d,c950,bf7c,37bc,493b,b5d4,33fe,b7da,c8ed,446a,4804,b483,48d6,b599,aea5,39eb,bd56,c00e,40e6,40e4,2
Exponent - Got: 81, Expected: 81
b93f,380c,3c5a,3389,b044,3578,b782,3193,b1e4,b856,40d0,4239,490d,40d0,c17e,4542,40a1,3407,b1e6,c5bf,44a1,b17a,436c,46c3,c265,bd8c,c466,35b1,44fd,c913,b36c,be2c,c0a2,c0a0,2
Exponent - Got: 81, Expected: 81
aeed,b6bc,c0e6,bda0,bf2b,c912,38b5,b961,b7cc,b465,b29d,4155,b60c,36a3,b0d1,3bc6,b0fc,bce1,af9e,37cc,bad6,b7e0,bb49,bcdd,b1e2,4912,2fc2,bfe5,bcac,c06a,b3d4,b008,be10,be00,16
Exponent - Got: 7c, Expected: 7c
c51d,bcfb,4912,3113,b42a,bf54,385d,b1f5,40da,c90b,314a,c6ef,39b0,355c,38b9,b6fe,b2fd,ad16,3170,b443,4595,43a8,30f3,c433,b650,4208,b5db,c0a3,2f23,3e52,34b9,bea9,c114,c112,2
Exponent - Got: 82, Expected: 82
3f2f,4233,c54f,b0e8,c5f0,40e2,c8da,be63,ae7b,3e89,48eb,ae2e,ba73,be0c,3cd8,c61f,b862,40dc,3351,b311,3026,44ab,3593,b779,c542,4230,c00a,bdcf,c62e,c037,c45b,38e2,bfe8,bfea,2
Exponent - Got: 7f, Expected: 7f
b7e0,c4d5,3000,ada3,4090,3b38,2e85,c271,b1c4,2fa8,3376,b230,c80c,c499,c65f,ba28,3959,40a4,4648,c574,46c8,40d2,45f6,3a02,b2cc,b194,482b,2f49,c56e,c750,433c,31ec,bd74,bd80,12
Exponent - Got: 7b, Expected: 7a
b7fb,b071,407f,ad58,307a,b67c,4703,be31,494e,4758,ae37,4682,45ae,450f,3586,b7c2,c968,c478,4184,c538,3039,3db0,bb05,32c4,2e3f,c561,b1dc,2f1c,c0ed,32bd,442d,2eec,3f7d,3f80,3
Exponent - Got: 7f, Expected: 7e
3387,b7c3,3b87,b146,b9cc,447c,c729,3492,afeb,4928,b76b,b4b3,4651,478d,c347,42a7,c708,c85e,33f0,4131,31c1,c6d1,c70e,c299,4052,3023,c94e,b23f,3b3d,48c8,46dc,ba36,bfd3,bfd6,3
Exponent - Got: 7f, Expected: 7f
c3b0,c07b,c8da,b416,c307,c2e8,3e72,4384,b3e8,3524,35b5,3730,b917,bb0c,b771,423e,3948,c1d3,3451,3a5c,3779,b45e,495c,b9e4,c359,c52e,af8c,b6d3,c64c,c8d6,b4b7,bfe5,406a,4068,2
Exponent - Got: 80, Expected: 80
b6c0,3127,3139,3b70,c88a,3c51,b779,c32d,461d,2eb1,437a,b5fb,bf66,3437,3276,b4a4,c0ae,383c,bdcf,c22f,3eee,bc0f,48a2,afc8,c767,c2af,b9dd,33a2,bbc9,337f,b658,333c,4072,4070,2
Exponent - Got: 80, Expected: 80
323c,4023,ba43,b22f,c790,b151,bb09,3895,3175,c0af,48af,ba48,b4d6,c60c,afca,37df,b014,32c9,3367,461c,332e,39ad,b734,ad3a,b8fd,3c2c,c8e7,3df8,b5ba,b0c8,3f89,4837,bfdd,bfdf,2
Exponent - Got: 7f, Expected: 7f
4267,b285,c0e2,bfc9,ae9f,45c6,3a7b,c466,417c,ad96,b9eb,bf48,bca1,3f85,b0ef,bd9f,c4f0,4299,c60c,b1bd,b8dc,3138,300d,b0cb,422a,45a5,b724,b4af,36e9,37cd,b96f,bbfe,3ca5,3ca8,3
Exponent - Got: 79, Expected: 79
3076,41c7,3333,34e8,b858,bd7e,3e07,35c6,bf19,ba34,40c7,c06f,30b2,bb84,3460,c41f,4519,487b,40d0,be1a,af99,c109,c535,c31b,b8ce,3df4,3f18,c260,4346,c87a,4246,2d23,3fea,3fe8,2
Exponent - Got: 7f, Expected: 7f
33bf,3e9a,ad0b,39a5,b468,bd6a,40bd,b000,ad26,44cf,b10d,c4bc,c47e,aeb0,bba9,b8d2,40ed,b3d2,b237,423d,43f7,b9e7,c0fe,41df,b290,b951,c09a,3daa,b43a,b09f,4393,af88,3c0d,3c0b,2
Exponent - Got: 78, Expected: 78
4333,40c4,33c0,403f,4524,2e47,41f8,36a6,c373,4976,3043,c903,3480,c35b,308f,b336,4247,2fea,3d45,c950,c63b,48bc,b4a0,3271,4570,3505,3a57,af04,b11f,b9e1,44c9,3caa,40de,40e0,2
Exponent - Got: 81, Expected: 81
bc9a,3672,35e5,3f81,3751,3722,b4fd,471d,c395,c00c,32d1,487e,c5cc,b54f,b3aa,3160,b842,bac1,409a,34d1,3f34,41c9,b6c3,45ed,c893,371a,41a4,be56,c222,38ef,33aa,b523,bf45,bf36,15
Exponent - Got: 7e, Expected: 7e
