33d8,c45d,46ab,3633,3a20,2d25,3907,c66a,36ec,bc82,c57f,4454,3766,37bf,40f3,b209,3e3e,b675,4602,4209,3127,4748,2ef5,c5d3,333f,b2ee,3437,ad77,2ff9,3acc,c759,c258,3c81,3c60,33
Exponent - Got: 78, Expected: 79
c37b,bd5e,43e5,c8d2,3fb3,4884,b730,bf41,40d6,3554,c6f5,c39e,b1da,3b13,431b,4453,c2db,bb82,2d05,4542,b35e,47d1,c4e1,3db2,4795,44f9,4578,bea2,c375,3099,b6f5,b5d9,bfba,bfb8,2
Exponent - Got: 7f, Expected: 7f
b4ce,c5fe,c0a5,ba67,ba67,2e0c,bd6b,444b,ad2a,42b9,3208,3a23,4493,37c4,3f26,407a,b4b8,c321,b543,b025,3618,3fd9,bf29,468e,b9df,c63b,339a,2f31,b3f5,b156,b9ec,b6e9,be01,bdfe,3
Exponent - Got: 7b, Expected: 7c
4539,c178,3930,38e5,ba35,466b,36fb,3a56,3cba,bde6,3042,bd6c,310c,b5a8,b87c,bbfc,325c,c152,b322,3b02,b115,b727,44d4,c69a,361c,3308,b595,3446,3fe3,2f4b,ae3a,422c,bb88,bb80,8
Exponent - Got: 77, Expected: 77
3eb3,31c0,c8cf,3a4b,4005,b810,4119,b528,b2a8,2e3e,af67,c65b,3a94,b708,38db,4263,3953,b071,4838,3c07,bd25,421d,b3d8,3404,4556,af90,364e,3579,3bc4,4870,4373,3426,bf84,bf86,2
Exponent - Got: 7f, Expected: 7f
44cb,b139,c66c,2dbb,c061,c15a,c4d2,bc72,46db,3246,b0ad,bca6,b9a0,2f51,480d,3161,b675,beba,bab1,41ae,c8f8,4279,b3cb,34a1,3521,b8ae,c080,b19d,ada8,48ab,43bb,bd48,c066,c064,2
Exponent - Got: 80, Expected: 80
2ee7,3085,bdd9,33e7,3355,30bc,c1e6,3efc,335c,3d7e,32ac,c111,bb2d,3995,bc69,46e4,c969,bf2a,3125,34e4,be85,2ef4,4962,c01d,afca,3b53,c3e9,35e2,b2b7,c0e9,2d97,3833,c002,c000,2
Exponent - Got: 80, Expected: 80
b5c1,2f4f,ae29,c912,3cc5,4103,b602,b0ec,c607,3201,b331,c27f,2e6f,c570,bcf1,af88,2f9b,30eb,bcd4,492a,b443,c3f5,c7ac,36f0,370b,4535,4016,be22,3872,324d,c2dd,bfd5,3edb,3ee0,5
Exponent - Got: 7d, Expected: 7d
364d,ad9e,c411,bbf5,c4fa,b6bf,be1b,b33d,438e,c77e,3018,c8c2,bc66,c1f9,b6d1,b970,481c,c6ad,b661,b09c,3c45,461b,48a1,bda4,45a0,30b8,c683,b13d,c48d,bbf5,4340,ae07,3f20,3f24,4
Exponent - Got: 7e, Expected: 7e
41fa,40d1,446b,c066,4972,b43e,b293,37c9,b55c,320d,b465,3232,c8e8,3486,4768,b1c9,4286,bc98,c208,4745,35c3,3ab0,3bc4,bbcf,c926,474f,b30c,c0d2,41ba,36fc,2d26,baa7,be13,be00,19
Exponent - Got: 7c, Expected: 7c
b0e9,c92a,b3fa,2ef1,b313,b347,2f78,c650,3ec8,c008,be2e,aec3,478e,4934,4564,3f15,bc4f,334e,393a,b12c,4646,add1,3213,3d6c,37f8,bc13,ba7d,bbc0,c7e4,35b7,427d,362a,c003,c000,3
Exponent - Got: 80, Expected: 80
3e3d,491a,434e,33d7,bafc,b1b4,b8cc,399b,43d8,c917,c70e,3ebb,b792,4722,c43a,309c,b4d4,c71c,b9ac,46e4,c5e7,c372,c3f1,ba4f,bf7d,3b05,2f6a,448d,2eb3,43dc,3650,3775,3fc8,3fc4,4
Exponent - Got: 7f, Expected: 7f
bd3e,4447,2f59,ba39,2d06,b985,3b04,ae8c,3147,39c6,b54f,b74a,c885,bdca,bf17,34bf,aed3,4265,bb5a,3b1c,c776,4403,32c7,b857,432b,ae7a,48a3,b3b0,3396,b096,34da,c132,3ec8,3ed0,8
Exponent - Got: 7d, Expected: 7d
c8b6,3cba,c1a1,4845,b75c,2fcc,355e,b2c6,3c34,aed7,328b,3422,b2b7,313e,b22f,b28f,c53a,3b85,b690,40f4,4832,c5c9,2fa6,3ced,3347,b4e1,4191,bee3,c074,44de,2fe6,c563,3fb8,3fb6,2
Exponent - Got: 7f, Expected: 7f
