e545,4fcf,ea90,8b45,7f13,4b2d,aefb,2966,ceb4,aa29,593d,bacf,647a,6e32,0c6e,d7f6,19d9,6faa,3ff5,acca,ff13,5e2d,add1,5aca,72ff,8bda,ea4d,32d9,12fc,61d9,995a,bce8,7301,72f0,17
Exponent - Got: e5, Expected: e6
4447,cf0f,8351,9817,7ee7,5bda,a1ed,d7ee,3bc1,55f6,36dd,9df0,52cb,e4ae,fee7,68da,d88b,3dfa,2101,1d03,51f9,d11a,6038,32f8,989d,6eec,8131,6673,ce7f,c223,a367,ade1,6eec,0000,28396
Exponent - Got: 00, Expected: dd
9d65,d11f,f77d,03d3,e714,1fda,a965,0b77,cea1,cf7c,87e2,3c6d,5555,56bf,89d2,4641,e88d,801c,161c,3730,c95e,c94c,b3de,0939,936b,4e8d,9550,1e7a,3ec6,433b,777d,d0d3,e8a0,e880,32
Exponent - Got: d1, Expected: d1
2503,db89,487e,816e,a1ec,b3af,0708,cb06,2b10,5f46,ec78,d7a0,820f,4ecb,0c96,3f0f,82b1,2bf4,1ca3,5e5a,8066,12e6,1543,29a9,3fba,f945,19f7,be04,1478,4050,cad0,7945,ec78,ec60,24
Exponent - Got: d8, Expected: d8
337c,5a1a,2c2e,d9f6,e1c5,a146,b984,87f7,9d38,e002,d742,ee6c,68b0,a461,d369,cc8f,fcd6,80af,9c6e,7cd6,1daf,a054,a214,da50,65e4,862f,bce3,af5a,8484,468d,b340,6426,ee6c,ee00,108
Exponent - Got: dc, Expected: dc
68f2,a6a3,8f2e,4db0,e52b,a821,5931,19c3,e530,90fa,3b5b,81ed,9fae,a311,e817,c807,a457,f4df,d4f6,74df,5bf6,14c1,baa8,23dd,cada,93cf,8528,4e22,803e,06be,1533,29d9,68a4,68a8,4
Exponent - Got: d1, Expected: d1
45f4,427f,cf3b,d465,6a8d,5b18,2dae,4275,f7b1,1c1e,cfa6,45b9,9172,4ad0,1245,0f21,877f,77b1,e11e,3d5c,5226,9302,0aa4,3bb1,2386,8a41,8915,0747,b689,91a4,5b87,96f0,6a8d,6a80,13
Exponent - Got: d5, Expected: d5
39c1,cbf2,22e5,45e0,e16b,be69,3b55,6c63,207b,1efb,1c06,8dbe,0d25,d87f,6a0f,551b,4771,33bf,d818,c3a8,942f,7ec7,2ffa,b525,5b0f,4679,40b5,ef74,1baa,4d1d,fec7,d6fa,ef70,0000,28529
Exponent - Got: 00, Expected: de
51c5,2026,ebe6,dfb1,404e,e34e,e708,4ec6,a9db,3648,2824,bb74,4f02,431c,4a9a,0a8f,475a,3954,9226,0a82,e817,8e07,06db,b416,56fe,77d3,97fc,f7d3,3afc,6989,6b1a,014c,eb92,eb90,2
Exponent - Got: d7, Expected: d7
1a98,6cad,e934,13e6,ce41,d79d,6972,5b20,4996,5c85,b77c,2f12,fdcc,5137,e055,2cd5,7dcc,9a37,a6c3,e34e,c508,a682,b74f,5fe1,351e,08f4,11e5,d686,e8ab,dfba,9e85,c2f8,6cad,0000,27821
Exponent - Got: 00, Expected: d9
8151,5213,6c77,876f,3fa1,b79e,3171,5553,fd39,9c83,ef7a,9e24,4018,4a98,3a0d,7d39,4383,a5c4,478f,dcc0,0f79,5727,da49,b3bd,eb9a,8ccd,1894,85a5,29ee,ee3d,e2a1,b324,ef93,ef00,147
Exponent - Got: de, Expected: df
696b,9179,de1b,b567,e9cd,895e,fdcc,6337,4631,90fd,289c,25cd,0ec6,275b,d3d5,9332,8294,3691,0cbc,57a5,6c4a,9012,03b2,5b35,5cc3,02ba,543f,e557,515d,2ebf,3722,7dcc,6c47,0000,27719
Exponent - Got: 00, Expected: d8
7dfe,9a85,64f0,d439,c1d1,5012,3432,ecda,4383,2bc4,ec93,c58a,cc81,8358,105e,fdfe,9f85,b5fa,3c11,ca29,3ffd,8ac2,1357,02b1,d6f4,9a59,812d,af6f,c7f1,443e,1d36,c88c,ed36,0000,27959
Exponent - Got: 00, Expected: da
ec00,c1d8,165b,bab7,6e02,005e,79de,40ad,d96c,f9de,c1ad,b36e,9d88,12b3,5456,497e,266c,e320,a2e6,2223,4aa7,a5f2,ce39,5de5,861e,1a92,4227,5563,3d09,d733,b45d,6675,6df4,6df0,4
Exponent - Got: db, Expected: db
c158,beda,9727,adc9,36d2,6c3f,c127,0d65,ec3f,2a27,3db3,b108,ba6a,499e,348d,bda4,bbdf,bf68,0a16,bd82,2879,4469,e0a1,3b20,8d56,35cc,90a7,4446,df4e,1d70,954a,9ae0,e0bb,e0b8,3
Exponent - Got: c1, Expected: c1
3c1b,40a3,f6e2,598f,8efc,c4e1,9d28,4012,8a12,af86,e959,20cb,e64a,6106,9444,8c6c,3e74,8508,c402,a50a,64c0,c009,dfc9,5a36,5302,0724,242a,76e2,408f,83ce,2d49,6153,e95c,e940,28
Exponent - Got: d2, Expected: d2
c0d0,6d51,cfcb,3494,1bfd,b48a,2963,3df1,e1ca,c289,334c,7c2a,6852,5402,fc2a,0552,83d8,4cdf,b586,4d6d,12b7,e152,3c10,1268,9c4c,dc74,50cc,8f6d,5333,df55,b7ab,6804,6d51,0000,27985
Exponent - Got: 00, Expected: da
580c,57bc,ee13,4f0f,5e51,64ad,c924,13b6,ee11,a18d,3d8e,e675,3ef9,f0c4,9625,9649,2725,1e2b,acd7,fe4e,e232,0f76,70e8,c009,a1c9,5cca,3ef3,7e4e,e732,4e7c,0fe0,59ff,6f57,6f80,41
Exponent - Got: df, Expected: de
fc6e,a416,4cde,1fc7,0238,043c,cd34,c1ae,85ad,35e6,880d,5a5d,b3a9,2e8e,1153,cfb1,7c6e,a716,29d8,018b,c548,56c2,eaef,b2fa,bf1f,59a1,df52,846c,9e64,9e58,bd64,011e,eaef,0000,27376
Exponent - Got: 00, Expected: d5
a7de,2d11,d10b,d869,b599,82b2,f337,7111,33b3,6d14,24ce,3507,a4ad,d8a4,6015,5b95,8262,67e6,7ea9,4214,9590,cebb,8be6,a571,887b,cfab,fef4,d609,59e5,7e16,296a,2db8,f32e,f32c,2
Exponent - Got: e6, Expected: e6
ac9f,3806,cff6,b3e9,b0ce,b22f,b08b,c32a,d42c,da84,e231,bfb5,e18a,88c9,4d98,0d03,87d9,1c96,fb2f,5119,b3fb,885c,804c,2a4c,4118,319a,6379,4dff,6aa4,0f71,7b2f,ca19,6aa4,0000,27300
Exponent - Got: 00, Expected: d5
5bee,a6d9,dfd4,5b6b,dd1d,dde7,699c,444f,d507,176d,a603,2f8f,8a10,4d04,849e,4a17,4943,b311,d237,4c53,3c0b,5ab3,dcc6,90ff,9e1e,7ca2,5cdb,fca2,57db,4bb4,b623,218f,699c,0000,27036
Exponent - Got: 00, Expected: d3
991d,396f,50dd,bd3c,7346,0420,8e28,b534,f35e,0f38,fd26,e15c,ef9e,7dc1,677a,5d34,508e,e9af,55bc,0a17,0fc3,e51c,25d6,4e1d,b9c1,16f2,105f,3dbf,a604,8a48,fd5c,13a6,f1ca,f1c8,2
Exponent - Got: e3, Expected: e3
393f,ea8d,2c18,3e40,383c,374c,d822,9912,c8a0,bd31,420b,dc4f,5037,cf57,1109,336b,cfcd,7d12,6968,47ba,61b5,8a36,36a2,544f,3927,1695,c1f8,8e7b,8da7,377c,c012,fd12,ea60,0000,27233
Exponent - Got: 00, Expected: d4
4c2e,6736,7c78,9e80,a5bd,5db6,8a8d,8cd8,95c1,04aa,1223,54c7,d9ae,939d,dbfa,eccd,9654,fc78,3380,61e7,b2e4,3481,56a8,8405,004d,310d,602f,d32f,5349,5daf,6ed4,af09,6ec7,6ec0,7
Exponent - Got: dd, Expected: dd
49b4,0427,efef,51f0,d153,fe31,df8d,1772,91dc,97ff,9910,5222,0c06,f19e,93fd,819a,f019,65b9,bd32,c6c8,0b45,d813,0163,eda1,ba3a,17ce,3061,1841,7e31,008d,5bcc,167b,f1c1,f1b0,17
Exponent - Got: e3, Expected: e3
5886,83b7,ad70,ae2a,5bf6,7cc1,6278,bebc,24c1,04c8,fcc1,5178,c1da,98d9,17a8,1187,9864,dc54,10ec,09cd,bc9e,ec67,ac7f,c6e7,a2aa,876f,4da1,a97a,b8a8,3dd9,a3e2,c625,ec67,0000,27752
Exponent - Got: 00, Expected: d8
a24f,54cb,fea2,2bdf,2848,4a18,c48c,6205,e181,b402,dfea,8cd5,e08c,e24d,9ec9,2bb4,4ee3,dabe,1c8b,ce72,a16e,a3ac,4feb,19b4,f287,7ea2,3cdf,4f66,ae78,3124,6446,ed0e,f287,f280,7
Exponent - Got: e5, Expected: e5
2905,8017,fed7,5eea,7ed7,01ea,3b69,955f,27b5,36ba,6857,8b47,4991,a942,5a90,3025,4f05,a6db,9d56,05ec,38e7,6956,1804,9734,b51a,84f0,93f9,b09e,e87f,ec6f,4477,713f,713f,7100,63
Exponent - Got: e2, Expected: e2
c3c0,1247,89a3,3670,a81c,fe4c,12b0,ee95,0008,2208,7e4c,65b0,997b,b889,13b8,c79f,add0,328b,cc2e,c236,8e32,71ae,0ecd,2990,c1c3,a680,a1cd,97ce,3561,254b,1dc1,27ba,71ac,71a0,12
Exponent - Got: e3, Expected: e3
ff31,208f,c30e,5b08,13be,d619,93f5,a792,aa5d,0649,ea05,ce91,394c,8e3e,96a2,4b0f,c259,339d,6eba,b4e7,de4e,3e72,c28e,ac8b,9f12,4eac,7f31,c58f,21c4,4c87,33de,4a39,6eba,0000,28346
Exponent - Got: 00, Expected: dd
42a0,3825,9115,e977,4965,20b7,b136,49d4,a447,d4cf,9ca6,da1f,086b,e2bb,79be,becd,ccf0,1169,d70b,8265,3421,6009,fa89,a73c,2772,47bc,7a33,ee07,521b,5e7f,8d03,34d9,ee07,ee00,7
Exponent - Got: dc, Expected: dc
fb3c,5fca,dff5,5b0a,7b3c,3aca,583f,6f4f,b251,3d75,144f,a7a7,cf28,e4b6,10ff,271e,04d0,82d9,b39c,65fb,65f0,173b,ebd5,6742,bd0c,4f76,8068,1768,5b46,c270,a5f4,c5bf,6f4d,6f48,5
Exponent - Got: de, Expected: de
8945,1717,c2f9,573c,bc92,2f6b,c7f5,413a,5938,378a,6365,56e3,da8e,d6bb,51d6,40f5,5334,5692,d8bf,78ce,45bf,16f4,91d9,9cba,c903,1a51,6c25,5dbd,8446,f8ce,50bf,4bde,6c25,6c20,5
Exponent - Got: d8, Expected: d8
942d,6645,a3c9,02ce,fd4b,0c71,6629,12a5,8dc0,66db,0ed6,7d4b,ad71,646b,0463,8cab,ef72,982c,e21c,1cd8,58e1,5c10,eea8,9375,d913,5c61,cc99,b740,dc2e,9016,54b6,059f,efa3,ef80,35
Exponent - Got: df, Expected: df
3e47,41fb,afb8,1ee7,631a,a55c,2116,96d4,aaf9,d5ec,0347,2681,d48c,d825,1ad5,6fa0,297f,b0ed,a2cc,a289,598c,aa3f,a0ab,ab2a,d8fc,124d,9529,ae43,dfdf,efa0,427f,e33b,e20b,e200,11
Exponent - Got: c4, Expected: c4
a96a,c0b8,2f39,b527,298d,289e,1f4f,c4b1,4f78,ade6,f93d,a78f,6300,6bc6,c891,4740,d9ce,d5fd,4316,0c10,c208,d18c,112f,dacd,5838,da88,793d,368f,b522,b2c8,81ad,21ee,6bc6,6bc0,6
Exponent - Got: d7, Expected: d7
b828,e358,c09e,e69f,6092,6ed3,fece,3ab3,d006,b426,7ece,2fb3,412c,deae,c493,07da,3355,3e73,dccf,beb6,5e4b,ce37,8e6b,b3b7,8d10,1e0a,42b6,57b3,93dc,31fb,4958,a3ca,6ed3,0000,28371
Exponent - Got: 00, Expected: dd
a6e5,46e8,9665,9809,8d79,6e23,b83f,e68f,3282,3a67,83d3,2c14,e34c,bd8a,8071,2731,233f,feb9,2f04,285a,be8a,e977,3965,4057,9517,21fd,30fe,0b1f,36c9,aee4,7eb9,8404,6e23,0000,28195
Exponent - Got: 00, Expected: dc
5acc,0579,7d33,3d09,fd33,9e09,9b75,c103,5641,98ad,42dc,0959,470b,6345,eec3,37de,2c31,9829,9d59,4023,e663,036f,1aa9,eedc,8001,6d41,a9db,ce48,29d4,ea87,0c92,840b,ef44,ef00,68
Exponent - Got: de, Expected: de
828d,26c8,2085,b184,f9e7,95d4,09ff,0c2c,5b34,1c82,183b,eccb,d3d2,b8f5,a6c4,fa89,ad3c,8d66,cdfc,1967,be95,6aa8,2a7d,5f69,6997,f884,5c75,318d,3aae,495b,c109,7acb,ecbe,ec80,62
Exponent - Got: d9, Expected: d9
9df7,bf0c,db72,2844,cf14,b58a,2461,e269,e5ed,b766,b188,46eb,12a6,a303,6085,1b04,3832,fec2,bbbf,4508,0182,d501,b8eb,955a,bef0,078d,7ec2,02bf,837a,8cfc,aae5,56f0,e5ef,0000,26096
Exponent - Got: 00, Expected: cb
941e,a8b6,c267,4823,9073,e793,1e9c,fda1,bc1a,49e2,53f1,3d16,26ec,7da1,b91a,52e8,da4d,c4b9,2d70,1f2a,0994,8287,a642,6d8e,10d5,33b4,54d3,32ba,a05f,c4df,ce96,d68b,6d8e,0000,28046
Exponent - Got: 00, Expected: db
fbe6,1b91,7be6,da91,bb64,cd12,dc08,4fb0,452f,c265,90a1,9fc0,dcff,cc86,0c9f,9146,4de4,ee7f,5463,ea0b,b51f,17b5,10da,de7b,c707,2549,9343,10a5,8fc4,35db,8370,0476,ee80,ee40,64
Exponent - Got: dc, Expected: dd
d8ff,f68e,56e3,768e,2be3,5974,42c6,47c3,178c,14a3,ce4a,0f56,64c8,3c01,4639,d0f5,1214,3b30,eb46,c710,289e,5f4f,8c31,a169,b86b,b1db,6878,00a8,90a9,2dc8,3793,8d3c,eb42,eb44,2
Exponent - Got: d6, Expected: d6
cbef,81b8,3ebb,f006,1466,03ce,ea49,39dd,5cee,59d7,56a4,a509,0803,d2d3,59b6,fc85,343c,5154,08f6,8967,a7b5,07ba,9d35,054f,7c85,6b3c,a2ea,952f,1bc5,c0b2,c1b3,e0f0,f006,f000,6
Exponent - Got: e0, Expected: e0
1381,c3e6,2be1,09f6,8865,0c35,a56d,4767,8229,af6d,1173,5b91,6166,9824,9814,3824,ad54,5f0e,fe30,b5cc,0da7,f27c,1e98,eaa5,b430,3358,473e,7e30,0ecc,35d1,6dfa,29a1,f27c,f278,4
Exponent - Got: e4, Expected: e4
55e0,db4b,d23d,7cd9,a860,cf30,aeae,8e73,b9af,c51c,6196,1ed5,4da8,2d33,4ba9,1d7e,e8c4,8c15,e44d,bac5,d2f0,5355,6cb3,9caa,8513,fcd9,0b60,6576,e23c,38f8,8489,29c0,6cb2,0000,27826
Exponent - Got: 00, Expected: d9
cdf6,b5ed,4fc6,b8d9,49e8,237b,59fd,d40e,7826,2b56,d680,092d,627f,197b,5189,f76a,ce04,c898,4509,33c3,1d64,cc5e,da46,6a72,0a26,01b2,9f31,2c4f,f7d7,bff8,1087,2566,6a72,6a00,114
Exponent - Got: d4, Expected: d4
109e,af3f,69a1,4132,a130,3672,349e,cd77,3f2d,8413,9bdb,1c2c,ff14,97ea,2c45,915d,3f3f,5a81,a074,2634,e378,6abe,1feb,7f14,c4ea,0be3,0334,8e32,afae,3771,dd5f,ef25,ef25,0000,28454
Exponent - Got: 00, Expected: de
c36f,6929,31bb,b918,b86a,dd9a,eea1,553c,1096,3337,2691,fe9c,7261,8cc5,7e9c,3361,5747,4e29,e4f5,407c,27fc,88b3,db62,9654,4678,28f4,c1a5,4f66,7078,1498,0eb1,52ec,726f,7260,15
Exponent - Got: e4, Expected: e4
e3ad,ed2a,a470,2f38,0b66,50f0,2451,0259,e21d,2899,a688,47c5,a40a,61c2,3d81,afba,da65,3291,4cb4,cd2d,c9f7,79a4,d057,0e37,01eb,8328,ba2e,cada,d5cf,f9a4,b157,b3f5,ed2a,ed20,10
Exponent - Got: da, Expected: da
7383,dba4,9913,b0e1,d3c0,d467,260f,f383,28a4,29f5,e0e6,d8a7,14d6,8d7f,03a5,10e2,a843,07d3,4b1c,dc8a,a1b3,ca30,bba4,ddd3,a0a8,3fe9,91d6,8775,413b,a579,c273,9737,e0ea,0000,24811
Exponent - Got: 00, Expected: c1
734a,b32c,f34a,982c,161c,cd30,4eaa,84b7,647e,2f36,dce8,ab51,0047,e387,4980,1d13,4fe9,8736,dbb8,080f,b7df,4370,3bf6,3001,4621,c4ed,d224,0e80,ac9d,8284,9e81,83fc,643a,0000,25658
Exponent - Got: 00, Expected: c8
0017,53d7,88b0,35a1,358a,df61,a09f,c41e,ae16,56ca,e6e7,2cea,7c33,a20b,978f,b960,be12,adee,2335,fc33,350b,e5a1,802a,13aa,8d0d,bb57,59e1,b512,eef8,8925,4577,ec3d,eefe,eec0,62
Exponent - Got: dd, Expected: dd
da83,81f6,6575,90ff,961e,22b2,8a77,18a3,7052,6032,a472,5fba,8185,c9c6,d5d5,e53e,ab74,5122,2500,2d4a,9790,98bf,ce4e,f052,0732,47bc,e433,333b,a19d,179e,9a31,5d45,6328,6320,8
Exponent - Got: c6, Expected: c6
0592,7519,c9b3,92e0,09c5,d096,44b7,67fe,9ab1,e1c4,9507,b5ed,83c6,7541,bdeb,be50,a32c,c56a,2a60,1634,3d18,a362,3ca4,9ddd,85a6,472d,68e3,baf2,b507,f5ad,3506,88ec,6911,6900,17
Exponent - Got: d2, Expected: d2
2b85,b092,f173,5451,64b9,3c30,9a48,5b7c,22ca,400f,714f,de6d,3491,7eb8,d445,22ad,b7a8,06c7,990a,feb8,9545,952f,47c5,d60a,a726,95e8,90c3,4d22,3338,2f5e,4a80,0c15,f010,f000,16
Exponent - Got: e0, Expected: e0
db66,ef50,688e,15df,8234,0c30,3428,5a40,12f4,d3d1,fc36,4e4e,e152,8210,1114,7c36,8d4e,43d4,2a53,62c7,01c2,4d41,b39b,da3c,3288,0aed,19b8,918b,5468,acc0,b599,eab2,ef50,ef40,16
Exponent - Got: de, Expected: de
a9ee,3f3d,8a03,0bd7,3200,de64,38d8,60a9,4028,84a8,8fa1,7efe,6b83,3994,5ce7,839e,6319,959f,ad74,e52e,4d64,fefe,5e83,dcfe,3cc7,e37e,5938,eb8a,48dd,b10c,e96e,bb3c,e9e7,0000,27112
Exponent - Got: 00, Expected: d3
2868,5e38,2a84,5dd1,af2a,34f4,639d,521a,823e,aaba,2f6f,0af1,d8a4,7615,67b9,2d36,4aec,3379,ab5f,61c9,674a,9104,3126,44c4,974d,c323,9865,f615,26b9,48b4,a525,b72f,680f,6780,143
Exponent - Got: cf, Expected: d0
52cd,a328,b46e,3086,a367,b1e1,e4c2,018b,4f48,37d6,3039,c219,83dd,339a,1b7d,6a0b,5e1f,b563,78c9,5e78,86c4,f8c9,eb78,90ae,6a0f,b51b,2eb1,acac,def5,ba08,597c,26ce,eb32,eb00,50
Exponent - Got: d6, Expected: d6
c701,48cf,d99e,cbad,a37a,c4bc,9435,aa5d,ec49,e9d1,1c42,38fa,6a0b,2c1f,8987,4d54,7ece,57b3,83dc,9fdb,6624,35e8,3383,0f24,3a3a,fece,68b3,66a2,92ef,440a,aa02,6bd6,ebb5,0000,27574
Exponent - Got: 00, Expected: d7
107b,889b,294a,dd98,2c23,48bb,baea,191f,56ed,0700,810e,ef8c,3353,55f5,b21e,06fa,6677,517b,1b19,276f,fee1,635c,709a,84fb,5332,3314,5672,945e,14f6,3f5f,7ee1,545c,706e,7080,18
Exponent - Got: e1, Expected: e0
3376,3490,5af9,520c,4fa8,bd37,858d,e5c6,6b8d,4a1a,b80e,1efe,6343,9745,512b,cd49,4a93,7cc6,15bf,9c54,ee6c,0ab0,b0a5,3a84,d7f1,ec1e,8046,fcc6,32bf,231a,17dc,a6f3,ee71,ee00,113
Exponent - Got: dc, Expected: dc
045e,93d6,e171,18f3,6402,f24a,e92e,237c,e83a,ab6a,e6bc,9671,ff1d,e7a3,6cac,9575,8f1f,21c1,2fc2,7f1d,d4a3,47ca,8bc5,4592,af99,8486,6a0f,a11b,2c99,a080,c9c1,da12,f24a,f240,10
Exponent - Got: e4, Expected: e4
8172,dcf0,4b49,039f,3a58,b22c,fe48,25b4,2aff,d16a,7e48,beb4,6ec9,1c54,596c,06de,1f53,d1ad,a74e,d580,6e2b,e437,643f,bf37,3f89,2bb6,9661,030d,544b,3223,0287,9742,6f0f,0000,28431
Exponent - Got: 00, Expected: de
c89b,fdca,28b1,6ca0,b279,bd5d,8967,4fb5,906a,7dca,4fb1,716e,4c0c,4b94,dc03,297b,45e9,cd22,4e38,22a4,bbe1,ecd6,a08f,a20e,3cca,c433,717b,9f59,8e27,00fb,5e3a,ba06,71f4,71f0,4
Exponent - Got: e3, Expected: e3
bb66,1190,61b3,8db0,72ab,488e,879f,9b50,b666,508a,f2ab,a98e,615d,80df,a81e,88ce,c45f,0017,15d7,a23c,2878,e028,97e8,36c7,856a,34e0,cc89,3550,d53a,b210,5d74,a8ce,6206,0000,25094
Exponent - Got: 00, Expected: c4
e48c,d645,54a9,a440,1d08,0f32,e1ac,496f,de3d,a6c1,bfcc,7db3,0b88,479f,2ad0,1685,3de8,5393,53f4,c053,9513,2af9,5cec,6f55,8ccb,d712,a83c,de6c,3ad0,04a5,afec,fdb3,6f55,6f00,85
Exponent - Got: de, Expected: de
59e3,2f90,d7cf,bda0,a2db,1d5e,bae4,4491,9a58,416c,50ee,5dcf,1cb4,3f8d,deb2,0f8f,fe50,edac,9377,bd91,e2aa,6bef,e2f8,433d,62fb,38fe,0d0f,c4d5,9c1c,ba24,7e50,5cac,ed9d,0000,28062
Exponent - Got: 00, Expected: db
beba,6d47,e05d,50dd,033c,163a,b496,647f,cf77,4b29,e5ff,57f4,5c5b,4c23,367b,96d7,ce3a,8326,61a0,7b63,bb55,fb63,ea55,96c1,9fac,4b93,87c4,11cb,3928,2f5a,0d84,9a9f,6d44,6d00,68
Exponent - Got: da, Expected: da
10ab,2e4a,fc96,14ef,6306,7a40,0cb4,dbad,375a,d9b4,c907,d555,91bf,cf5c,cfc2,e4dd,b254,5030,7c90,1e69,0e15,2949,ab5b,accd,d6d4,5879,0089,9ec8,cff5,8b2a,38bc,d3cd,e4d0,0000,25809
Exponent - Got: 00, Expected: c9
b814,fc64,e69c,5c51,8ca9,23f0,87b7,1578,db52,7c64,999c,b7af,bb00,5c76,0f4e,06d0,90dd,d2bc,1219,347d,9355,bd33,1a89,bcfc,b085,48a4,4735,c8fb,1faa,1f15,626b,c06f,e69c,0000,26269
Exponent - Got: 00, Expected: cd
d79d,e172,c430,d3b8,b01f,5cbf,49c6,bed5,92e8,3dcd,62f6,7bb3,9d84,dbbf,3dc8,fbb3,0084,2585,948e,4827,9777,2199,d59a,04b1,16f8,00d5,1794,96bb,6b56,5600,18ac,c59d,6b56,0000,27478
Exponent - Got: 00, Expected: d6
6a3a,7e6e,bd12,5ce8,d451,8bb9,00ee,d36f,df09,4af7,39a2,f151,1af3,be06,c4fa,f1f3,e2d0,2715,4a1b,c44f,4407,9b4f,8db9,56e2,96cf,6622,fe6e,a612,93de,e179,4efb,98a6,f22e,f228,6
Exponent - Got: e4, Expected: e4
9b5e,fde8,de13,196f,d69d,3270,ae14,b848,bf38,ac46,e49e,4ad7,8f82,241d,b915,6d27,9e3d,ba41,9b75,bf03,dcbd,ea44,d290,6d35,4eaf,23f2,cf35,61eb,7de8,5913,ef61,68ff,ef4b,ef00,75
Exponent - Got: de, Expected: de
c5c5,7d0e,3a74,9500,502a,c20a,fd0e,3774,981a,17aa,9105,9567,c38d,bb4a,9abc,a689,e784,2d4b,9bd1,84a6,2a2f,31bb,3f18,2f66,10b8,c699,8954,4d46,2e5c,a700,f04e,1e2e,f04e,f040,14
Exponent - Got: e0, Expected: e0
a1a3,8620,612c,60ee,83af,2568,0922,c1b0,0633,36ff,5152,d370,b6d6,3a3b,068f,b542,76a8,4e45,4599,bd52,f6a8,4145,1487,a16e,95ac,5b87,50f0,ce51,058d,68c6,8797,1b58,68c6,6880,70
Exponent - Got: d1, Expected: d1
00f3,0232,8eb6,642b,3c23,669b,e696,10db,e43a,7f72,0b0c,3c1a,cee2,b9ff,5f4c,20f2,bc33,558b,dfe0,245f,c7d7,6398,455f,e215,5c91,5e68,26d4,5599,ff72,c40c,9484,e8ad,e8ac,0000,26797
Exponent - Got: 00, Expected: d1
0c93,5a4a,847e,a6f6,c23b,d77f,7f11,95af,9b44,b172,1c90,50a9,2e48,fe14,68e8,2839,c029,71e9,074a,29c4,6497,659e,0cd5,0d8c,2a97,bf02,c6fc,ca71,c7a5,996a,fed8,8f25,71e9,71c0,41
Exponent - Got: e3, Expected: e3
6512,b958,222a,aeee,5a33,9847,a0b7,4e36,7f2a,4554,36de,ef33,e42d,eaa5,0030,d230,2794,e6db,9fd6,e569,6ee3,b0fe,9c1f,06e7,ff2a,d254,86f0,e9fd,4b6e,4078,aef8,b9a5,ee84,0000,28293
Exponent - Got: 00, Expected: dd
2701,970f,3be1,efd6,7d89,fd32,8848,9158,ce7a,cb66,8770,847e,d2f6,5cd3,92aa,5f0f,0271,9235,ce51,d18d,176e,fcc0,4339,13ff,ea18,63cc,a80b,3f9b,5724,668a,2ac7,9552,efd6,ef80,86
Exponent - Got: df, Expected: df
cd7f,4d25,c8ff,a0ae,a46f,e4e7,d8ee,52df,41ba,29b9,d5aa,a881,d390,1637,eddb,08c0,94d1,51b8,3d1b,33a1,c586,8f8d,b5d2,c439,fdf1,a64a,0786,a609,3905,4c37,af6f,7df1,eddb,0000,28124
Exponent - Got: 00, Expected: db
9858,ad68,1e32,ea8e,12db,e43e,c476,3c7e,3f86,4e79,e4a5,902c,9e0c,5a30,ec84,8e5d,9601,7f6d,aad3,2f46,cc98,3701,c12f,ff6d,65d3,05d8,afd3,804c,4e4c,e3d0,d217,ac73,ec8d,0000,27790
Exponent - Got: 00, Expected: d9
cb2b,287d,116d,0c0f,a3d7,3750,413e,443c,d1b4,0317,b0d1,77f0,1d1f,26e5,07e8,ebe7,f7f0,cc1f,5247,9923,6ad1,c244,b4c0,5da9,cf52,d44c,02e4,dde1,4a1a,260e,e9c2,3a91,ebbf,ebb8,7
Exponent - Got: d7, Expected: d7
2f00,c55e,a754,b31a,8afc,44e9,6220,bce4,c69d,a250,9f14,4f2a,5f34,7a8a,54ff,5996,a6a5,f8a8,b359,fa7f,e24b,654f,e845,e0d5,d854,38e4,b795,25ba,e371,3af7,d542,4268,e842,0000,26691
Exponent - Got: 00, Expected: d0
470a,7f04,2cfa,8a23,99f7,ff04,ebfa,84ad,32e4,c981,aa52,4d86,ce9d,4c40,aad8,af8d,9392,6c35,0bad,befa,1507,c6ed,b620,1f4c,ba72,4186,bc85,26bc,b3f1,5ad6,85e3,1228,6b60,0000,27488
Exponent - Got: 00, Expected: d6
5dc7,b2bc,dcd9,a720,126e,cbca,60dd,975c,5172,3750,013e,3abc,afc9,2ad6,4103,6141,99c3,2830,fa60,5b94,3823,5293,56f6,95db,ba30,2744,e80a,dd5a,7a60,9a94,9ca1,17d8,e80a,0000,26635
Exponent - Got: 00, Expected: d0
fdb7,db8c,993b,18c9,92b8,359d,3eb6,234b,63cd,164a,3ee6,631b,191d,8c6f,48b7,81e6,eb65,adf3,bc68,bf10,886e,22fe,3d3b,d781,306e,d18e,a1ad,97ae,b501,ae2b,7db7,a88c,eb65,0000,27494
Exponent - Got: 00, Expected: d6
8f95,5fca,01f5,eab6,10e3,0802,7092,fcf3,fdca,8cb1,25e8,23a3,3f24,805a,97da,a675,ee79,7de5,645e,2d16,68cc,c51d,f1d7,39f4,7c87,29be,546d,6385,8002,1782,3d2d,0217,f1b4,f1b0,4
Exponent - Got: e3, Expected: e3
6b91,7b06,e270,35b4,48df,998e,ad3d,c727,5569,3783,092c,5c3e,fb06,2b70,4526,242c,db64,b9d2,0821,8c71,5d29,99d3,2a20,5e74,31c8,1dab,8950,e842,bd12,36e8,4285,a940,6b8f,0000,27535
Exponent - Got: 00, Expected: d7
a250,9914,d926,0714,ea1a,0d4e,0ed4,61c9,474a,5544,16ee,0143,d181,7a62,8a16,d682,53af,b6c8,43a5,fa62,1516,d4bc,ec15,968d,80e0,4de1,8b3a,06ac,afa1,cebe,0ea3,0a7e,ec1f,ec00,31
Exponent - Got: d8, Expected: d8
1ef6,b74b,2ee5,85f8,8af3,3726,d4c8,1d61,c11b,d659,73b5,4612,1e1e,03a2,af25,0d3b,bbe1,3ed6,052b,27e1,3fee,ba11,9b25,1353,f3b5,d312,4a34,59a0,2113,5b91,cf66,1b78,5b98,0000,23448
Exponent - Got: 00, Expected: b7
8a49,ff1d,3fa3,c91c,898e,7f1d,b4a3,170a,51a4,1407,49ef,14bc,4395,b452,55ba,2391,cf96,6d89,b712,cafc,ee69,09f5,caa6,e4b3,a5ba,ac71,ed69,84f3,5d3a,db00,e2b6,8ef3,ee5f,0000,28256
Exponent - Got: 00, Expected: dc
9110,9632,f19e,b9fd,97ce,b361,2c47,33df,7478,bc90,6fe9,7f76,5c08,a2b0,a3f5,97f2,f45d,08f5,3ba4,92d3,5936,2604,8b48,385e,d5ae,d985,ff76,af08,1456,e7fe,adb1,baaa,72b4,72b0,4
Exponent - Got: e5, Expected: e5
236b,d3ed,c10a,4808,5698,5035,fbd5,6762,832c,2f2a,3df4,e68f,0e82,101f,0dff,c224,9ca0,3199,d9ba,8c89,91d0,66f3,8afe,e66b,2367,30e1,28c0,3091,b2b0,7bd5,c462,176a,6759,0000,26457
Exponent - Got: 00, Expected: ce
5f36,a208,a74c,1702,19ac,f09f,38be,d94f,d13d,69df,b0cc,86ad,50e0,0241,fc05,58bd,6b4c,069a,8c17,0ccf,a916,5dc4,a47f,66f7,67fa,43b5,9272,29d6,7c05,93bd,d5da,18f1,f09f,f09c,3
Exponent - Got: e1, Expected: e1
aa24,8a70,3f64,3a1a,eaee,0abb,f86e,421e,c71a,2214,0f50,374e,e6a0,556d,9487,786e,271e,1ed0,86ed,5ea0,901d,e67d,90f1,3590,81fb,3438,ae50,5d0c,0ab6,3f23,939d,3dfa,eaef,eac0,47
Exponent - Got: d5, Expected: d5
b111,9433,21db,6158,199a,8729,c267,0023,36e3,064e,25c2,c909,16db,ce36,ba2a,45de,c8d5,1a04,7530,c1da,56d9,d034,5c94,872d,0563,bba9,429e,359b,f530,9cda,af63,92fd,6158,0000,24920
Exponent - Got: 00, Expected: c2
62ca,ea8f,1a9a,6c2f,0f37,54e9,3a00,2c74,912c,d30e,2728,eb66,8530,4c3a,d622,eb0e,0158,715a,9938,a00a,7dca,81b1,a0f2,3133,8791,b2de,863b,bdf7,c34c,fdca,80b1,b1f0,715a,7150,10
Exponent - Got: e2, Expected: e2
2184,aac7,2e52,c48e,6a87,fb92,6ae5,d170,d4d2,27fb,d174,51d6,54f5,e51c,e3d6,1f91,25ee,0e25,3f79,ab47,3dd1,55ea,cfc1,521e,273a,15f4,b4df,d676,a85a,4b8a,a79d,7b92,6b36,0000,27446
Exponent - Got: 00, Expected: d6
6aa0,b675,9459,4d31,79eb,63d8,db1f,d169,0a8b,6c5e,bf06,e9f8,b22b,558f,06e4,03e9,6dae,a4f5,34fc,5995,a066,44a6,1faf,1e50,4e6c,d9f0,6043,b443,f9eb,a4d8,4791,cf5e,6dcb,6dc0,11
Exponent - Got: db, Expected: db
3a04,6170,2bb2,2965,d677,be1b,31a7,a404,7e4c,c7b0,183f,21cf,fe4c,54b0,6619,9895,b6e4,6289,c40c,7284,bf61,705f,8d7f,01a5,04e6,4d6f,d035,2ad5,4bc0,df57,a529,1223,728b,7288,3
Exponent - Got: e5, Expected: e5
d566,c94c,d5de,8ff5,abaa,0e7d,b521,a60b,db87,d7f0,dc5f,8027,a6e7,e46a,2722,d5ec,9d47,93bd,97da,b275,2a51,f845,c8f5,0e24,ad38,0462,bcea,cb13,7845,e7f5,cd7a,ea60,ea68,ea00,104
Exponent - Got: d4, Expected: d4
39a5,f896,86e7,1e2a,7896,e5e7,b3ec,538b,e1ec,572f,2a41,dc55,24ad,e3a4,2363,dfe5,a31a,4cdc,3b45,c473,813b,5cf9,3e00,567c,3fd0,99af,2d5c,c606,240a,c6c2,bbcf,0d78,e5f2,0000,26099
Exponent - Got: 00, Expected: cb
0e0b,fcd7,dcee,7cd7,b7ee,4101,2dc3,e358,609e,81df,391c,2c6e,1fb6,9809,1579,ed13,1e09,0275,2d31,cf2b,b875,0845,9715,ed7b,d661,1d8d,c0f6,82f7,3c32,c4ca,6fc3,49dc,6fb7,6fc0,9
Exponent - Got: df, Expected: df
8542,86c8,c1c5,d906,0334,b432,69da,9389,b8ee,4e1f,db43,0e35,7d69,1fd3,172c,5602,be2e,9ed2,076f,a4a1,2ba8,d5ff,e594,635f,b859,fd69,14d3,3e3a,b8c6,1637,ebdb,e8cc,ebd1,0000,27602
Exponent - Got: 00, Expected: d7
ecec,3e35,d509,d8e3,4792,c79d,0352,c5d4,e35f,1759,ab37,1fa1,bdde,e525,b5af,df04,31ba,7959,a5eb,4060,dce0,f959,d6eb,af86,5759,81b7,2374,1432,849a,6913,3d01,833b,eceb,ece0,11
Exponent - Got: d9, Expected: d9
c6b7,2afa,302f,c18f,0fcc,9ad3,ff26,ed58,e882,4bd3,0d84,be9f,2e22,44fe,31f7,de54,a2e8,c3ad,e56a,8220,6f24,9cfa,ab43,bed5,5ee8,c255,dc91,a168,c62a,7f26,3c58,8020,6f16,0000,28438
Exponent - Got: 00, Expected: de
eb0a,925c,de78,99c4,ddf7,298c,6adf,c1ca,8ac9,ab9c,21cb,3148,852a,b4a0,15c9,75a2,87c9,b286,a863,61f3,3bf0,a787,dd08,46b2,9cbf,3246,f5a2,9ac9,3bbc,2ccb,1452,12fa,e9d4,e9d0,4
Exponent - Got: d3, Expected: d3
8d80,aa9b,bf0e,75f0,f71b,ba35,be01,e73d,57b3,29dc,948f,4a66,5d72,3548,e922,f670,2d9c,52c7,91a2,3601,062d,0d61,613b,7739,8997,2344,9802,bdb2,ea49,c5dd,b916,4fe4,ea74,ea60,20
Exponent - Got: d4, Expected: d4
a1c9,d8ca,13fb,3b1c,9e6a,31d6,3e35,e509,e883,9392,0035,e975,afe7,4978,6dea,81b1,ecf2,1dab,8750,7e5e,3522,d7c8,b667,0ccb,6612,fe5e,ac22,11fa,c959,0a8b,a25e,009a,6dad,0000,28077
Exponent - Got: 00, Expected: db
50ed,2f0c,5052,6a72,e026,fc66,fc1e,8066,ece6,28bf,3b2e,90d8,65f9,d572,3e58,0e24,2538,7172,a510,0c5a,7cc2,eabb,09ae,2a3d,d329,aacf,365a,34b6,6d5f,2a45,4751,d99f,7172,7170,2
Exponent - Got: e2, Expected: e2
