3daa,392c,4001,af94,b794,3273,b23a,b522,34aa,b011,3185,3bc6,c7cb,c585,3e76,ba23,44dd,bd0b,ae89,b29b,c28c,bcf2,3f9d,403d,47d0,bf51,b235,c10b,b33c,be2c,2e28,3f76,be80,be84,4
Exponent - Got: 7d, Expected: 7d
c894,3707,2f07,3668,3123,31c8,bb59,c610,b614,b0bd,bc4d,3fdb,bd4e,b76a,bbc6,3a89,bce1,4884,bf72,bd03,3179,4724,3afc,2d9d,3871,bdca,3c3c,2fea,3b47,354e,bb37,add4,3f0d,3f0f,2
Exponent - Got: 7e, Expected: 7e
3a79,c2ac,c64e,34dc,2f1b,4726,48bf,42fd,375d,be2a,2de1,b094,b6b1,b8e6,4382,b37f,b2e2,3cf5,c611,bd12,af9c,353a,ae88,2f0d,3903,b340,2de5,b183,c8c9,bbdb,4313,2fb8,bf2d,bf2b,2
Exponent - Got: 7e, Expected: 7e
3134,c243,bc34,2d9c,b6f9,3e2f,c64a,343c,4740,b06f,3aec,bc77,48c8,45ab,2de5,3ab3,b191,4245,47b7,ba2e,b7cd,c63e,c1c5,c616,c338,3644,4261,b032,4497,2e5f,c900,ae12,3e8b,3e88,3
Exponent - Got: 7d, Expected: 7d
be3a,3ae3,b46d,32f2,c807,37e3,3eeb,2ec9,b1e9,c91a,375f,ba12,bff8,404d,bc10,473e,b413,36c8,344d,be35,b4b3,afc0,b76c,c69c,38ca,34ea,afa5,4939,46b2,2ed7,2f99,c71d,3fae,3fab,3
Exponent - Got: 7f, Expected: 7f
