be0b,c3de,47de,b24e,bc78,bad1,40de,bff1,b8ae,b51b,c832,c0ba,c0e6,adca,4789,31bf,3cda,c489,30d0,b584,b736,aea0,3af7,41aa,c11b,b88d,3131,37eb,3f1a,36b5,be81,2f0e,be21,be18,9
Exponent - Got: 7c, Expected: 7c
be71,3dcd,3550,c90a,403d,3cd0,b53f,b8d2,3b5e,b7b3,bfb8,bb79,c10f,4418,c1a8,3b92,3e23,bbd5,2e28,c27e,4142,4115,3dad,c402,c127,4185,490a,306f,b0d7,b0d0,c1ac,3ae3,4016,4014,2
Exponent - Got: 80, Expected: 80
bcb0,bb6b,b0d0,c937,c3ef,b975,48c0,32bc,c41c,c6c9,3a5f,37b2,afd3,3760,af57,3f8e,bce5,c536,3d8d,2d51,af1d,bca1,c483,32ce,37f4,39d0,c182,2fde,bd50,48bd,42d9,c1c2,bf72,bf68,10
Exponent - Got: 7e, Expected: 7e
3954,30bd,30dd,39e4,4908,414d,419d,3472,bdc0,472b,b802,3054,ba80,b24d,c0b4,c945,306d,3417,4367,b2ff,3766,3c76,2e7a,bae9,37f1,4849,b8b5,3573,b78b,b3de,3b53,3802,3fde,3fdc,2
Exponent - Got: 7f, Expected: 7f
3127,39fa,3cbd,c7d5,ae8c,c392,34a9,3cb4,462c,3e14,382b,ba29,355c,c678,3599,af22,3d51,adaa,3249,ad15,44d8,c297,c280,410b,3b76,c1c9,3238,b849,47dc,b5d2,b8da,38ad,3e9d,3e9a,3
Exponent - Got: 7d, Expected: 7d
c4cc,346d,be57,be00,306c,353c,c3b5,4197,add0,4875,b691,c77a,b0b6,c211,b07f,c825,3430,b0ff,bf36,3c23,4021,2e39,4420,426b,35a2,3fb2,c346,c53d,33fb,ba31,c651,c14b,bee3,bee0,3
Exponent - Got: 7d, Expected: 7d
bf15,40ff,b13b,b6db,2f76,b57b,c2aa,2f89,3361,aebf,bcd7,3c6c,38da,bf74,402c,3474,45ee,b9d3,3e43,3200,397d,3a14,2dcb,421f,349c,c5f3,3318,bb3d,bd93,2eea,3bd9,4344,bc92,bc94,2
Exponent - Got: 79, Expected: 79
c26d,b363,c86f,3c2f,41fb,4663,45dd,2f54,4565,3a3f,3dc8,3005,40e5,394e,b24f,3c1c,b223,bf3e,41f4,b685,afe3,4112,bfcc,3dbb,bd72,b747,3516,3ce7,4860,2e65,b97d,c61b,3f40,3f3e,2
Exponent - Got: 7e, Expected: 7e
426a,2fc0,4585,3e01,3774,c70c,2f49,c297,2edc,c4e2,bc17,316a,46bd,2dff,3cd1,42c2,361a,b90f,3610,2de2,bca4,344d,326a,bdc2,457e,b5be,b2c2,3370,3083,2dcd,459e,bb42,3cc8,3cd0,8
Exponent - Got: 79, Expected: 79
b97b,2e6e,4900,b327,b42e,aeab,c8cf,afc5,42fc,b0f3,c6e9,2e76,368a,3ca1,bd26,3d38,bf75,b4f2,bde1,3bc1,b7f5,3c08,3783,b319,c78a,30bc,b2f7,bef5,34ff,4064,b43b,3196,3d62,3d00,98
Exponent - Got: 7a, Expected: 7a
3a61,368d,ad66,bd42,43cf,b948,3495,c890,3917,4831,b4c3,3ebf,46dd,b999,b9e2,b3ef,35b5,43e8,b6ed,2ddc,2e8d,b9c5,3d44,322f,4182,2ea6,3b82,3ccc,3d0e,ba96,47a5,387e,bfa8,bfaa,2
Exponent - Got: 7f, Expected: 7f
