440c,bdbb,c251,afdc,3317,c97c,4921,c3e9,c5c2,b15d,baf8,2d3a,48b9,419b,3e8a,b867,3f41,b2ed,2d3e,3f2e,b6c0,bdcd,34c3,34af,ad23,3f6d,baf4,b615,311e,3318,32b3,2e5f,bee2,bee0,2
Exponent - Got: 7d, Expected: 7d
36b0,3b84,3ed6,385f,3c5a,aeb1,c502,3b7b,c1ff,b341,aeb6,bab3,353f,c708,bf5a,bbb3,3d09,4476,45b4,c54c,314d,4261,4527,2dbd,b85f,bdeb,38b8,4876,2e35,2d2f,be2b,c858,be96,be94,2
Exponent - Got: 7d, Expected: 7d
be02,c526,33a6,35bc,41fc,c8fe,3922,3315,3022,b375,4813,b21d,3263,c033,496a,c90f,3028,3e5c,37ad,3606,2fc3,349e,421b,c31a,b44e,bbd2,bfc2,2d3f,b765,2db3,c3a5,b376,bffe,bffc,2
Exponent - Got: 7f, Expected: 7f
2e0b,2f8f,35a5,bbf0,c7ae,33ee,411e,ae88,34b9,3fee,2d8d,333f,3c60,b459,3db8,b842,3133,af77,3b1a,444c,3ce5,3eac,3f94,c112,aef4,38c4,477b,c249,46b9,30ec,43bf,b6ad,bcb3,bcb0,3
Exponent - Got: 79, Expected: 79
c8cc,39a5,345f,40b2,30e9,411b,b0f7,3981,bbfe,aec2,3cef,305f,3bc2,4297,4624,bad4,4077,2fb2,365a,c7ad,c109,b321,aea5,3baa,4939,ba19,3ee5,b152,30df,c880,bee8,4329,bf6e,bf70,2
Exponent - Got: 7e, Expected: 7e
487a,b31c,3cdd,4971,46c0,b8df,ad18,b7ff,afe4,3243,34d5,b8c8,35bc,b9f1,3a84,32fb,c870,c948,b0a4,406a,30ea,be3a,c0f1,bd18,407b,3a1a,c846,bbee,3d83,37fd,3937,3dae,bb0b,0000,15116
Exponent - Got: 00, Expected: 76
c5da,bc2b,b67a,3bb8,c855,3629,b799,33db,b038,c37a,2f69,b695,c553,45cb,4018,c02e,2e63,b878,b548,c195,3afc,2ef2,bf9b,39e1,385a,2f0b,44e8,3d57,4856,c413,44e5,402c,3f0f,3f0d,2
Exponent - Got: 7e, Expected: 7e
